Date,Gold Price
31-08-2008,1190
30-08-2008,1188
29-08-2008,1186
30-09-2008,1350
29-09-2008,1317
27-09-2008,1315
26-09-2008,1301
25-09-2008,1312
24-09-2008,1299
23-09-2008,1310
22-09-2008,1269
21-09-2008,1271
20-09-2008,1273
19-09-2008,1260
18-09-2008,1284
17-09-2008,1175
16-09-2008,1164
15-09-2008,1165
14-09-2008,1142
13-09-2008,1140
12-09-2008,1132
11-09-2008,1134
10-09-2008,1155
09-09-2008,1166
08-09-2008,1171
07-09-2008,1168
06-09-2008,1156
05-09-2008,1163
04-09-2008,1165
03-09-2008,1166
02-09-2008,1174
01-09-2008,1192
31-10-2008,1174
30-10-2008,1217
29-10-2008,1202
28-10-2008,1207
27-10-2008,1192
26-10-2008,1192
25-10-2008,1179
24-10-2008,1172
23-10-2008,1188
22-10-2008,1225
21-10-2008,1269
20-10-2008,1273
19-10-2008,1257
18-10-2008,1263
17-10-2008,1277
16-10-2008,1324
15-10-2008,1319
14-10-2008,1304
13-10-2008,1339
12-10-2008,1345
11-10-2008,1338
10-10-2008,1400
09-10-2008,1377
08-10-2008,1356
07-10-2008,1324
06-10-2008,1280
05-10-2008,1270
04-10-2008,1266
03-10-2008,1328
02-10-2008,1328
01-10-2008,1325
30-11-2008,1313
29-11-2008,1304
28-11-2008,1298
27-11-2008,1292
26-11-2008,1302
25-11-2008,1312
24-11-2008,1276
23-11-2008,1289
22-11-2008,1289
21-11-2008,1213
20-11-2008,1203
19-11-2008,1186
18-11-2008,1188
17-11-2008,1175
16-11-2008,1181
15-11-2008,1178
14-11-2008,1167
13-11-2008,1165
12-11-2008,1167
11-11-2008,1162
10-11-2008,1161
09-11-2008,1155
08-11-2008,1149
07-11-2008,1150
06-11-2008,1154
05-11-2008,1159
04-11-2008,1161
03-11-2008,1168
02-11-2008,1172
01-11-2008,1172
31-12-2008,1344
30-12-2008,1358
29-12-2008,1339
28-12-2008,1339
27-12-2008,1339
26-12-2008,1301
25-12-2008,1302
24-12-2008,1313
23-12-2008,1306
22-12-2008,1284
21-12-2008,1275
20-12-2008,1273
19-12-2008,1289
18-12-2008,1318
17-12-2008,1301
16-12-2008,1291
15-12-2008,1288
14-12-2008,1280
13-12-2008,1280
12-12-2008,1282
11-12-2008,1274
10-12-2008,1237
09-12-2008,1230
08-12-2008,1223
07-12-2008,1210
05-12-2008,1248
04-12-2008,1242
03-12-2008,1261
02-12-2008,1264
01-12-2008,1302
28-01-2009,1419
27-01-2009,1407
26-01-2009,1412
25-01-2009,1412
24-01-2009,1412
23-01-2009,1351
22-01-2009,1346
21-01-2009,1349
20-01-2009,1310
19-01-2009,1310
18-01-2009,1317
17-01-2009,1299
16-01-2009,1288
14-01-2009,1292
13-01-2009,1292
12-01-2009,1328
11-01-2009,1333
10-01-2009,1335
09-01-2009,1344
08-01-2009,1326
07-01-2009,1332
06-01-2009,1329
05-01-2009,1346
04-01-2009,1354
02-01-2009,1366
01-01-2009,1367
28-02-2009,1546
27-02-2009,1525
26-02-2009,1529
25-02-2009,1543
24-02-2009,1580
23-02-2009,1584
22-02-2009,1586
21-02-2009,1586
20-02-2009,1550
19-02-2009,1568
18-02-2009,1550
17-02-2009,1500
16-02-2009,1460
15-02-2009,1463
31-03-2009,1517
30-03-2009,1515
29-03-2009,1510
28-03-2009,1510
27-03-2009,1518
26-03-2009,1523
25-03-2009,1519
24-03-2009,1543
23-03-2009,1544
22-03-2009,1552
21-03-2009,1552
20-03-2009,1539
19-03-2009,1475
18-03-2009,1515
17-03-2009,1518
16-03-2009,1534
15-03-2009,1532
14-03-2009,1540
13-03-2009,1529
12-03-2009,1512
11-03-2009,1520
10-03-2009,1529
09-03-2009,1552
08-03-2009,1555
07-03-2009,1555
06-03-2009,1554
05-03-2009,1499
04-03-2009,1525
03-03-2009,1540
02-03-2009,1581
01-03-2009,1550
30-04-2009,1450
29-04-2009,1447
28-04-2009,1471
27-04-2009,1462
26-04-2009,1462
25-04-2009,1463
24-04-2009,1469
23-04-2009,1446
22-04-2009,1431
21-04-2009,1440
20-04-2009,1402
19-04-2009,1402
18-04-2009,1402
17-04-2009,1414
16-04-2009,1428
15-04-2009,1438
14-04-2009,1438
13-04-2009,1426
12-04-2009,1420
11-04-2009,1419
10-04-2009,1419
09-04-2009,1425
08-04-2009,1429
07-04-2009,1413
06-04-2009,1418
05-04-2009,1451
04-04-2009,1457
03-04-2009,1477
02-04-2009,1514
01-04-2009,1513
31-05-2009,1487
30-05-2009,1487
29-05-2009,1472
28-05-2009,1461
27-05-2009,1453
26-05-2009,1462
25-05-2009,1451
24-05-2009,1452
23-05-2009,1453
22-05-2009,1449
21-05-2009,1441
20-05-2009,1431
19-05-2009,1421
18-05-2009,1475
17-05-2009,1478
16-05-2009,1478
15-05-2009,1481
14-05-2009,1490
13-05-2009,1472
12-05-2009,1457
11-05-2009,1451
10-05-2009,1451
09-05-2009,1451
08-05-2009,1453
07-05-2009,1449
06-05-2009,1442
05-05-2009,1443
04-05-2009,1429
03-05-2009,1428
02-05-2009,1450
01-05-2009,1450
30-06-2009,1460
29-06-2009,1458
28-06-2009,1464
27-06-2009,1465
26-06-2009,1468
25-06-2009,1465
24-06-2009,1448
23-06-2009,1451
22-06-2009,1456
21-06-2009,1453
20-06-2009,1453
19-06-2009,1452
18-06-2009,1456
17-06-2009,1447
16-06-2009,1440
15-06-2009,1446
14-06-2009,1448
13-06-2009,1464
12-06-2009,1463
11-06-2009,1465
10-06-2009,1466
09-06-2009,1459
08-06-2009,1464
07-06-2009,1487
06-06-2009,1487
05-06-2009,1488
04-06-2009,1470
03-06-2009,1486
02-06-2009,1484
01-06-2009,1492
31-07-2009,1477
30-07-2009,1466
29-07-2009,1473
28-07-2009,1494
27-07-2009,1493
26-07-2009,1490
25-07-2009,1490
24-07-2009,1492
23-07-2009,1496
22-07-2009,1487
21-07-2009,1486
20-07-2009,1483
19-07-2009,1476
18-07-2009,1476
17-07-2009,1477
16-07-2009,1475
15-07-2009,1465
14-07-2009,1458
13-07-2009,1457
12-07-2009,1447
11-07-2009,1447
10-07-2009,1452
09-07-2009,1449
08-07-2009,1460
07-07-2009,1453
06-07-2009,1445
05-07-2009,1445
04-07-2009,1445
03-07-2009,1452
02-07-2009,1453
01-07-2009,1444
31-08-2009,1513
30-08-2009,1511
29-08-2009,1511
28-08-2009,1503
27-08-2009,1502
26-08-2009,1500
25-08-2009,1497
24-08-2009,1499
23-08-2009,1500
22-08-2009,1500
21-08-2009,1488
20-08-2009,1494
19-08-2009,1489
18-08-2009,1488
17-08-2009,1488
16-08-2009,1496
15-08-2009,1496
14-08-2009,1496
13-08-2009,1486
12-08-2009,1482
11-08-2009,1476
10-08-2009,1483
09-08-2009,1493
08-08-2009,1493
07-08-2009,1491
06-08-2009,1489
05-08-2009,1490
04-08-2009,1474
03-08-2009,1483
02-08-2009,1481
01-08-2009,1481
30-09-2009,1556
29-09-2009,1553
28-09-2009,1553
27-09-2009,1553
26-09-2009,1553
25-09-2009,1560
24-09-2009,1582
23-09-2009,1586
22-09-2009,1577
21-09-2009,1582
20-09-2009,1585
19-09-2009,1585
18-09-2009,1585
17-09-2009,1591
16-09-2009,1588
15-09-2009,1577
14-09-2009,1580
13-09-2009,1578
12-09-2009,1578
11-09-2009,1578
10-09-2009,1563
09-09-2009,1581
08-09-2009,1578
07-09-2009,1574
06-09-2009,1574
05-09-2009,1574
04-09-2009,1577
03-09-2009,1549
02-09-2009,1519
01-09-2009,1509
31-10-2009,1595
30-10-2009,1596
29-10-2009,1591
28-10-2009,1589
27-10-2009,1585
26-10-2009,1596
25-10-2009,1598
24-10-2009,1598
23-10-2009,1597
22-10-2009,1599
21-10-2009,1587
20-10-2009,1593
19-10-2009,1585
18-10-2009,1585
17-10-2009,1574
16-10-2009,1576
15-10-2009,1588
14-10-2009,1601
13-10-2009,1586
12-10-2009,1583
11-10-2009,1583
10-10-2009,1580
09-10-2009,1584
08-10-2009,1576
07-10-2009,1581
06-10-2009,1557
05-10-2009,1563
04-10-2009,1563
03-10-2009,1570
02-10-2009,1570
01-10-2009,1568
30-11-2009,1768
29-11-2009,1798
28-11-2009,1798
27-11-2009,1776
26-11-2009,1754
25-11-2009,1754
24-11-2009,1755
23-11-2009,1747
22-11-2009,1722
21-11-2009,1722
20-11-2009,1722
19-11-2009,1713
18-11-2009,1702
17-11-2009,1699
16-11-2009,1685
15-11-2009,1673
14-11-2009,1673
13-11-2009,1669
12-11-2009,1676
11-11-2009,1674
10-11-2009,1660
09-11-2009,1666
08-11-2009,1655
07-11-2009,1655
06-11-2009,1656
05-11-2009,1660
04-11-2009,1657
03-11-2009,1621
02-11-2009,1595
01-11-2009,1595
31-12-2009,1668
30-12-2009,1666
29-12-2009,1679
28-12-2009,1672
27-12-2009,1672
26-12-2009,1672
25-12-2009,1672
24-12-2009,1672
23-12-2009,1655
22-12-2009,1671
21-12-2009,1699
20-12-2009,1688
19-12-2009,1688
18-12-2009,1688
17-12-2009,1718
16-12-2009,1706
15-12-2009,1706
14-12-2009,1707
13-12-2009,1720
12-12-2009,1720
11-12-2009,1720
10-12-2009,1716
09-12-2009,1746
08-12-2009,1746
07-12-2009,1746
06-12-2009,1758
01-12-2009,1768
31-01-2010,1624
30-01-2010,1624
29-01-2010,1627
28-01-2010,1638
27-01-2010,1651
26-01-2010,1650
25-01-2010,1649
24-01-2010,1648
23-01-2010,1648
22-01-2010,1667
21-01-2010,1667
20-01-2010,1690
19-01-2010,1686
18-01-2010,1684
17-01-2010,1689
16-01-2010,1689
15-01-2010,1688
14-01-2010,1687
13-01-2010,1678
12-01-2010,1703
11-01-2010,1690
10-01-2010,1689
09-01-2010,1682
08-01-2010,1675
07-01-2010,1690
06-01-2010,1684
05-01-2010,1683
04-01-2010,1673
03-01-2010,1667
02-01-2010,1667
01-01-2010,1667
28-02-2010,1668
27-02-2010,1668
26-02-2010,1666
25-02-2010,1660
24-02-2010,1673
23-02-2010,1686
22-02-2010,1687
21-02-2010,1674
20-02-2010,1674
19-02-2010,1663
18-02-2010,1676
17-02-2010,1673
16-02-2010,1664
15-02-2010,1649
14-02-2010,1647
13-02-2010,1647
12-02-2010,1647
11-02-2010,1631
10-02-2010,1632
09-02-2010,1628
08-02-2010,1625
07-02-2010,1627
06-02-2010,1627
05-02-2010,1609
04-02-2010,1651
03-02-2010,1660
02-02-2010,1619
01-02-2010,1620
31-03-2010,1631
30-03-2010,1636
29-03-2010,1638
28-03-2010,1630
27-03-2010,1630
26-03-2010,1629
25-03-2010,1646
24-03-2010,1646
23-03-2010,1647
22-03-2010,1651
21-03-2010,1675
20-03-2010,1675
19-03-2010,1672
18-03-2010,1674
17-03-2010,1676
16-03-2010,1648
15-03-2010,1648
14-03-2010,1646
13-03-2010,1656
12-03-2010,1656
11-03-2010,1648
10-03-2010,1673
09-03-2010,1670
08-03-2010,1687
07-03-2010,1689
06-03-2010,1689
05-03-2010,1695
04-03-2010,1698
03-03-2010,1698
02-03-2010,1680
01-03-2010,1668
30-04-2010,1694
29-04-2010,1702
28-04-2010,1698
27-04-2010,1679
26-04-2010,1681
25-04-2010,1663
24-04-2010,1663
23-04-2010,1666
22-04-2010,1671
21-04-2010,1663
20-04-2010,1661
19-04-2010,1661
18-04-2010,1683
17-04-2010,1683
16-04-2010,1683
15-04-2010,1680
14-04-2010,1680
13-04-2010,1684
12-04-2010,1690
11-04-2010,1682
10-04-2010,1675
09-04-2010,1677
08-04-2010,1676
07-04-2010,1658
06-04-2010,1648
05-04-2010,1644
04-04-2010,1628
03-04-2010,1628
02-04-2010,1628
01-04-2010,1628
31-05-2010,1836
30-05-2010,1845
29-05-2010,1845
28-05-2010,1832
27-05-2010,1854
26-05-2010,1860
25-05-2010,1829
24-05-2010,1804
23-05-2010,1799
22-05-2010,1799
21-05-2010,1802
20-05-2010,1806
19-05-2010,1810
18-05-2010,1816
17-05-2010,1839
16-05-2010,1817
15-05-2010,1817
14-05-2010,1811
13-05-2010,1812
12-05-2010,1790
11-05-2010,1768
10-05-2010,1793
09-05-2010,1793
08-05-2010,1782
07-05-2010,1786
06-05-2010,1718
05-05-2010,1719
04-05-2010,1717
03-05-2010,1715
02-05-2010,1700
01-05-2010,1700
30-06-2010,1885
29-06-2010,1876
28-06-2010,1887
27-06-2010,1881
26-06-2010,1881
25-06-2010,1883
24-06-2010,1866
23-06-2010,1870
22-06-2010,1861
21-06-2010,1875
20-06-2010,1886
19-06-2010,1886
18-06-2010,1873
17-06-2010,1872
16-06-2010,1867
15-06-2010,1859
14-06-2010,1871
13-06-2010,1877
12-06-2010,1877
11-06-2010,1861
10-06-2010,1879
09-06-2010,1898
08-06-2010,1893
07-06-2010,1876
06-06-2010,1880
05-06-2010,1880
04-06-2010,1832
03-06-2010,1855
02-06-2010,1878
01-06-2010,1852
31-07-2010,1782
30-07-2010,1774
29-07-2010,1777
28-07-2010,1772
27-07-2010,1814
26-07-2010,1823
25-07-2010,1826
24-07-2010,1826
23-07-2010,1833
22-07-2010,1825
21-07-2010,1833
20-07-2010,1822
19-07-2010,1831
18-07-2010,1830
17-07-2010,1830
16-07-2010,1841
15-07-2010,1845
14-07-2010,1846
13-07-2010,1837
12-07-2010,1843
11-07-2010,1839
10-07-2010,1839
09-07-2010,1831
08-07-2010,1844
07-07-2010,1832
06-07-2010,1849
05-07-2010,1852
04-07-2010,1852
03-07-2010,1852
02-07-2010,1843
01-07-2010,1885
31-08-2010,1895
30-08-2010,1889
29-08-2010,1886
28-08-2010,1886
27-08-2010,1889
26-08-2010,1896
25-08-2010,1887
24-08-2010,1866
23-08-2010,1871
22-08-2010,1871
21-08-2010,1871
20-08-2010,1874
19-08-2010,1867
18-08-2010,1867
17-08-2010,1866
16-08-2010,1861
15-08-2010,1856
14-08-2010,1856
13-08-2010,1854
12-08-2010,1839
11-08-2010,1826
10-08-2010,1819
09-08-2010,1823
08-08-2010,1822
07-08-2010,1822
06-08-2010,1806
05-08-2010,1808
04-08-2010,1791
03-08-2010,1776
02-08-2010,1779
01-08-2010,1782
18-09-2010,1914
17-09-2010,1919
16-09-2010,1917
15-09-2010,1920
14-09-2010,1893
13-09-2010,1887
12-09-2010,1898
11-09-2010,1898
10-09-2010,1898
09-09-2010,1911
08-09-2010,1918
07-09-2010,1904
06-09-2010,1896
05-09-2010,1897
04-09-2010,1897
03-09-2010,1906
02-09-2010,1903
01-09-2010,1911
31-10-2010,1977
30-10-2010,1977
29-10-2010,1960
28-10-2010,1943
27-10-2010,1956
26-10-2010,1954
25-10-2010,1957
24-10-2010,1943
23-10-2010,1943
22-10-2010,1939
21-10-2010,1955
20-10-2010,1947
19-10-2010,1988
18-10-2010,1971
17-10-2010,1982
16-10-2010,1982
15-10-2010,1991
14-10-2010,1994
13-10-2010,1965
30-11-2010,2030
29-11-2010,2030
28-11-2010,2038
27-11-2010,2038
26-11-2010,2035
25-11-2010,2039
24-11-2010,2045
23-11-2010,2011
22-11-2010,2010
21-11-2010,2008
20-11-2010,2008
19-11-2010,2004
18-11-2010,2006
17-11-2010,1985
16-11-2010,2008
15-11-2010,2010
14-11-2010,2008
13-11-2010,2008
12-11-2010,2024
11-11-2010,2031
10-11-2010,2026
09-11-2010,2048
08-11-2010,2008
07-11-2010,1986
06-11-2010,1986
05-11-2010,1986
04-11-2010,1966
03-11-2010,1970
02-11-2010,1974
01-11-2010,1985
31-12-2010,2069
30-12-2010,2078
29-12-2010,2075
28-12-2010,2052
27-12-2010,2051
26-12-2010,2046
25-12-2010,2046
24-12-2010,2046
23-12-2010,2048
22-12-2010,2056
21-12-2010,2058
20-12-2010,2060
19-12-2010,2047
18-12-2010,2047
17-12-2010,2047
16-12-2010,2056
15-12-2010,2062
14-12-2010,2071
13-12-2010,2059
12-12-2010,2055
11-12-2010,2055
10-12-2010,2063
09-12-2010,2065
08-12-2010,2089
07-12-2010,2082
06-12-2010,2080
05-12-2010,2042
04-12-2010,2042
03-12-2010,2048
02-12-2010,2046
01-12-2010,2046
31-01-2011,1998
30-01-2011,1961
29-01-2011,1961
28-01-2011,1957
27-01-2011,1996
26-01-2011,1991
25-01-2011,1982
24-01-2011,2012
23-01-2011,2006
22-01-2011,2006
21-01-2011,2011
20-01-2011,2036
19-01-2011,2037
18-01-2011,2033
17-01-2011,2029
16-01-2011,2031
15-01-2011,2031
14-01-2011,2039
13-01-2011,2045
12-01-2011,2047
11-01-2011,2042
10-01-2011,2045
09-01-2011,2024
08-01-2011,2024
07-01-2011,2035
06-01-2011,2043
05-01-2011,2049
04-01-2011,2076
03-01-2011,2076
02-01-2011,2069
01-01-2011,2069
28-02-2011,2110
27-02-2011,2085
26-02-2011,2085
25-02-2011,2092
24-02-2011,2095
23-02-2011,2074
22-02-2011,2074
21-02-2011,2066
20-02-2011,2056
19-02-2011,2056
18-02-2011,2052
17-02-2011,2052
16-02-2011,2049
15-02-2011,2038
14-02-2011,2031
13-02-2011,2042
12-02-2011,2042
11-02-2011,2046
10-02-2011,2038
09-02-2011,2033
08-02-2011,2016
07-02-2011,2020
06-02-2011,2004
05-02-2011,2004
04-02-2011,2006
03-02-2011,1978
02-02-2011,1982
01-02-2011,1993
31-03-2011,2073
30-03-2011,2068
29-03-2011,2070
28-03-2011,2077
27-03-2011,2086
26-03-2011,2086
25-03-2011,2087
24-03-2011,2098
23-03-2011,2092
22-03-2011,2096
21-03-2011,2097
20-03-2011,2085
19-03-2011,2085
18-03-2011,2078
17-03-2011,2058
16-03-2011,2064
15-03-2011,2092
14-03-2011,2101
13-03-2011,2086
12-03-2011,2086
11-03-2011,2090
10-03-2011,2108
09-03-2011,2101
08-03-2011,2103
07-03-2011,2124
06-03-2011,2088
05-03-2011,2088
04-03-2011,2088
03-03-2011,2097
02-03-2011,2107
01-03-2011,2093
30-04-2011,2224
29-04-2011,2227
28-04-2011,2217
27-04-2011,2192
26-04-2011,2191
25-04-2011,2211
24-04-2011,2189
23-04-2011,2189
22-04-2011,2189
21-04-2011,2187
20-04-2011,2182
19-04-2011,2179
18-04-2011,2157
17-04-2011,2149
16-04-2011,2149
15-04-2011,2151
14-04-2011,2126
13-04-2011,2129
12-04-2011,2130
11-04-2011,2142
10-04-2011,2130
09-04-2011,2130
08-04-2011,2122
07-04-2011,2117
06-04-2011,2117
05-04-2011,2103
04-04-2011,2069
03-04-2011,2070
02-04-2011,2070
01-04-2011,2068
31-05-2011,2242
30-05-2011,2249
29-05-2011,2240
28-05-2011,2240
27-05-2011,2241
26-05-2011,2252
25-05-2011,2243
24-05-2011,2234
23-05-2011,2221
22-05-2011,2193
21-05-2011,2193
20-05-2011,2191
19-05-2011,2192
18-05-2011,2192
17-05-2011,2197
16-05-2011,2192
15-05-2011,2210
14-05-2011,2210
13-05-2011,2203
12-05-2011,2197
11-05-2011,2225
10-05-2011,2204
09-05-2011,2193
08-05-2011,2170
07-05-2011,2170
06-05-2011,2174
05-05-2011,2214
04-05-2011,2237
03-05-2011,2253
02-05-2011,2253
01-05-2011,2224
30-06-2011,2214
29-06-2011,2214
28-06-2011,2209
27-06-2011,2214
26-06-2011,2236
25-06-2011,2236
24-06-2011,2242
23-06-2011,2270
22-06-2011,2268
21-06-2011,2267
20-06-2011,2263
19-06-2011,2247
18-06-2011,2247
17-06-2011,2246
16-06-2011,2246
15-06-2011,2237
14-06-2011,2236
13-06-2011,2253
12-06-2011,2261
11-06-2011,2261
10-06-2011,2260
09-06-2011,2254
08-06-2011,2257
07-06-2011,2268
06-06-2011,2272
05-06-2011,2222
04-06-2011,2222
03-06-2011,2225
02-06-2011,2241
01-06-2011,2231
31-07-2011,2313
30-07-2011,2313
29-07-2011,2307
28-07-2011,2311
27-07-2011,2314
26-07-2011,2321
25-07-2011,2328
24-07-2011,2300
23-07-2011,2300
22-07-2011,2288
21-07-2011,2311
20-07-2011,2295
19-07-2011,2328
18-07-2011,2313
17-07-2011,2293
16-07-2011,2293
15-07-2011,2290
14-07-2011,2295
13-07-2011,2277
12-07-2011,2257
11-07-2011,2240
10-07-2011,2212
09-07-2011,2212
08-07-2011,2219
07-07-2011,2225
06-07-2011,2200
05-07-2011,2175
04-07-2011,2173
03-07-2011,2175
02-07-2011,2175
01-07-2011,2187
31-08-2011,2727
30-08-2011,2679
29-08-2011,2709
28-08-2011,2761
27-08-2011,2768
26-08-2011,2656
25-08-2011,2601
24-08-2011,2738
23-08-2011,2816
22-08-2011,2798
21-08-2011,2792
20-08-2011,2792
19-08-2011,2753
18-08-2011,2655
17-08-2011,2630
16-08-2011,2596
15-08-2011,2570
14-08-2011,2577
13-08-2011,2577
12-08-2011,2594
11-08-2011,2574
10-08-2011,2560
09-08-2011,2582
08-08-2011,2510
07-08-2011,2430
06-08-2011,2430
05-08-2011,2422
04-08-2011,2392
03-08-2011,2380
02-08-2011,2324
01-08-2011,2300
30-09-2011,2597
29-09-2011,2576
28-09-2011,2564
27-09-2011,2622
26-09-2011,2569
25-09-2011,2674
24-09-2011,2674
23-09-2011,2629
22-09-2011,2791
21-09-2011,2817
20-09-2011,2803
19-09-2011,2765
18-09-2011,2775
17-09-2011,2775
16-09-2011,2779
15-09-2011,2797
14-09-2011,2829
13-09-2011,2791
12-09-2011,2813
11-09-2011,2818
10-09-2011,2809
09-09-2011,2817
08-09-2011,2754
07-09-2011,2749
06-09-2011,2872
05-09-2011,2800
04-09-2011,2781
03-09-2011,2771
02-09-2011,2724
01-09-2011,2720
31-10-2011,2734
30-10-2011,2756
29-10-2011,2756
28-10-2011,2759
27-10-2011,2784
26-10-2011,2757
25-10-2011,2736
24-10-2011,2669
23-10-2011,2677
22-10-2011,2677
21-10-2011,2665
20-10-2011,2632
19-10-2011,2644
18-10-2011,2652
17-10-2011,2684
16-10-2011,2688
15-10-2011,2688
14-10-2011,2688
13-10-2011,2674
12-10-2011,2687
11-10-2011,2664
10-10-2011,2666
09-10-2011,2634
08-10-2011,2634
07-10-2011,2618
06-10-2011,2651
05-10-2011,2643
04-10-2011,2578
03-10-2011,2655
02-10-2011,2611
01-10-2011,2611
30-11-2011,2909
29-11-2011,2867
28-11-2011,2878
27-11-2011,2842
26-11-2011,2842
25-11-2011,2842
24-11-2011,2858
23-11-2011,2879
22-11-2011,2881
21-11-2011,2842
20-11-2011,2872
19-11-2011,2872
18-11-2011,2864
17-11-2011,2836
16-11-2011,2903
15-11-2011,2918
14-11-2011,2896
13-11-2011,2887
12-11-2011,2887
11-11-2011,2886
10-11-2011,2856
09-11-2011,2900
08-11-2011,2881
07-11-2011,2841
06-11-2011,2788
05-11-2011,2788
04-11-2011,2794
03-11-2011,2799
02-11-2011,2760
01-11-2011,2752
31-12-2011,2732
30-12-2011,2744
29-12-2011,2675
28-12-2011,2726
27-12-2011,2764
26-12-2011,2778
25-12-2011,2779
24-12-2011,2779
23-12-2011,2775
22-12-2011,2768
21-12-2011,2782
20-12-2011,2786
19-12-2011,2766
18-12-2011,2764
17-12-2011,2764
16-12-2011,2743
15-12-2011,2748
14-12-2011,2820
13-12-2011,2888
12-12-2011,2882
11-12-2011,2910
10-12-2011,2910
09-12-2011,2917
08-12-2011,2909
07-12-2011,2926
06-12-2011,2897
05-12-2011,2904
04-12-2011,2895
03-12-2011,2895
02-12-2011,2885
01-12-2011,2888
31-01-2012,2806
30-01-2012,2805
29-01-2012,2799
28-01-2012,2799
27-01-2012,2800
26-01-2012,2763
25-01-2012,2744
24-01-2012,2741
23-01-2012,2752
22-01-2012,2749
21-01-2012,2749
20-01-2012,2747
19-01-2012,2731
18-01-2012,2748
17-01-2012,2759
16-01-2012,2749
15-01-2012,2751
14-01-2012,2751
13-01-2012,2746
12-01-2012,2770
11-01-2012,2768
10-01-2012,2755
09-01-2012,2761
08-01-2012,2777
07-01-2012,2777
06-01-2012,2775
05-01-2012,2779
04-01-2012,2784
03-01-2012,2769
02-01-2012,2735
01-01-2012,2732
29-02-2012,2798
28-02-2012,2892
27-02-2012,2875
26-02-2012,2867
25-02-2012,2867
24-02-2012,2865
23-02-2012,2892
22-02-2012,2850
21-02-2012,2838
20-02-2012,2815
19-02-2012,2811
18-02-2012,2811
17-02-2012,2807
16-02-2012,2812
15-02-2012,2821
14-02-2012,2813
13-02-2012,2813
12-02-2012,2825
11-02-2012,2825
10-02-2012,2825
09-02-2012,2844
08-02-2012,2822
07-02-2012,2837
06-02-2012,2793
05-02-2012,2789
04-02-2012,2789
03-02-2012,2781
02-02-2012,2813
01-02-2012,2807
31-03-2012,2801
30-03-2012,2813
29-03-2012,2816
28-03-2012,2811
27-03-2012,2828
26-03-2012,2834
25-03-2012,2810
24-03-2012,2765
23-03-2012,2808
22-03-2012,2788
21-03-2012,2785
20-03-2012,2780
19-03-2012,2791
18-03-2012,2788
17-03-2012,2788
16-03-2012,2770
15-03-2012,2769
14-03-2012,2747
13-03-2012,2784
12-03-2012,2798
11-03-2012,2797
10-03-2012,2797
09-03-2012,2798
08-03-2012,2797
07-03-2012,2788
06-03-2012,2782
05-03-2012,2801
04-03-2012,2802
03-03-2012,2802
02-03-2012,2798
01-03-2012,2787
30-04-2012,2916
29-04-2012,2911
28-04-2012,2911
27-04-2012,2908
26-04-2012,2902
25-04-2012,2882
24-04-2012,2885
23-04-2012,2875
22-04-2012,2871
21-04-2012,2871
20-04-2012,2865
19-04-2012,2865
18-04-2012,2851
17-04-2012,2847
16-04-2012,2857
15-04-2012,2859
14-04-2012,2859
13-04-2012,2859
12-04-2012,2877
11-04-2012,2863
10-04-2012,2867
09-04-2012,2833
08-04-2012,2820
07-04-2012,2820
06-04-2012,2808
05-04-2012,2808
04-04-2012,2756
03-04-2012,2794
02-04-2012,2790
01-04-2012,2801
31-05-2012,2915
30-05-2012,2906
29-05-2012,2892
28-05-2012,2896
27-05-2012,2893
26-05-2012,2892
25-05-2012,2883
24-05-2012,2894
23-05-2012,2898
22-05-2012,2908
21-05-2012,2904
20-05-2012,2896
19-05-2012,2896
18-05-2012,2890
17-05-2012,2853
16-05-2012,2803
15-05-2012,2814
14-05-2012,2823
13-05-2012,2838
12-05-2012,2838
11-05-2012,2836
10-05-2012,2845
09-05-2012,2867
08-05-2012,2870
07-05-2012,2895
06-05-2012,2917
05-05-2012,2917
04-05-2012,2918
03-05-2012,2919
02-05-2012,2921
01-05-2012,2914
30-06-2012,2967
29-06-2012,2980
28-06-2012,2966
27-06-2012,2999
26-06-2012,2995
25-06-2012,3013
24-06-2012,2998
23-06-2012,2998
22-06-2012,2989
21-06-2012,2986
20-06-2012,3030
19-06-2012,3021
18-06-2012,3026
17-06-2012,3015
16-06-2012,3015
15-06-2012,3014
14-06-2012,3009
13-06-2012,2999
12-06-2012,2996
11-06-2012,2972
10-06-2012,2955
09-06-2012,2955
08-06-2012,2951
07-06-2012,2937
06-06-2012,3009
05-06-2012,3002
04-06-2012,2966
03-06-2012,2985
02-06-2012,2985
01-06-2012,2962
31-07-2012,2986
30-07-2012,2979
29-07-2012,2980
28-07-2012,2980
27-07-2012,2978
26-07-2012,2981
25-07-2012,2978
24-07-2012,2955
23-07-2012,2943
22-07-2012,2928
21-07-2012,2928
20-07-2012,2919
19-07-2012,2924
18-07-2012,2916
17-07-2012,2931
16-07-2012,2929
15-07-2012,2927
14-07-2012,2927
13-07-2012,2928
12-07-2012,2924
11-07-2012,2928
10-07-2012,2948
09-07-2012,2964
08-07-2012,2963
07-07-2012,2963
06-07-2012,2958
05-07-2012,2973
04-07-2012,2957
03-07-2012,2953
02-07-2012,2966
01-07-2012,2967
31-08-2012,3122
30-08-2012,3080
29-08-2012,3081
28-08-2012,3098
27-08-2012,3103
26-08-2012,3094
25-08-2012,3094
24-08-2012,3083
23-08-2012,3077
22-08-2012,3034
21-08-2012,3027
20-08-2012,3017
19-08-2012,3016
18-08-2012,3016
17-08-2012,3012
16-08-2012,3012
15-08-2012,3002
14-08-2012,3002
13-08-2012,3015
12-08-2012,3003
11-08-2012,3003
10-08-2012,3006
09-08-2012,2991
08-08-2012,2988
07-08-2012,2982
06-08-2012,2995
05-08-2012,2990
04-08-2012,2990
03-08-2012,2956
02-08-2012,2970
01-08-2012,2957
30-09-2012,3122
29-09-2012,3122
28-09-2012,3122
27-09-2012,3138
26-09-2012,3131
25-09-2012,3141
24-09-2012,3144
23-09-2012,3151
22-09-2012,3151
21-09-2012,3153
20-09-2012,3191
19-09-2012,3201
18-09-2012,3195
17-09-2012,3183
16-09-2012,3188
15-09-2012,3188
14-09-2012,3188
13-09-2012,3233
12-09-2012,3187
11-09-2012,3188
10-09-2012,3189
09-09-2012,3188
08-09-2012,3188
07-09-2012,3199
06-09-2012,3147
05-09-2012,3147
04-09-2012,3147
03-09-2012,3132
02-09-2012,3134
01-09-2012,3134
31-10-2012,3111
30-10-2012,3108
29-10-2012,3109
28-10-2012,3102
27-10-2012,3102
26-10-2012,3103
25-10-2012,3092
24-10-2012,3085
23-10-2012,3098
22-10-2012,3107
21-10-2012,3129
20-10-2012,3129
19-10-2012,3126
18-10-2012,3137
17-10-2012,3113
16-10-2012,3103
15-10-2012,3098
14-10-2012,3128
13-10-2012,3128
12-10-2012,3127
11-10-2012,3132
10-10-2012,3145
09-10-2012,3133
08-10-2012,3135
07-10-2012,3118
06-10-2012,3118
05-10-2012,3111
04-10-2012,3073
03-10-2012,3098
02-10-2012,3104
01-10-2012,3103
30-11-2012,3110
29-11-2012,3158
28-11-2012,3191
27-11-2012,3224
26-11-2012,3235
25-11-2012,3224
24-11-2012,3224
23-11-2012,3227
22-11-2012,3184
21-11-2012,3179
20-11-2012,3174
19-11-2012,3170
18-11-2012,3164
17-11-2012,3164
16-11-2012,3163
15-11-2012,3145
14-11-2012,3173
13-11-2012,3168
12-11-2012,3176
11-11-2012,3164
10-11-2012,3164
09-11-2012,3165
08-11-2012,3132
07-11-2012,3123
06-11-2012,3132
05-11-2012,3086
04-11-2012,3050
03-11-2012,3050
02-11-2012,3043
01-11-2012,3094
31-12-2012,3084
30-12-2012,3070
29-12-2012,3070
28-12-2012,3067
27-12-2012,3083
26-12-2012,3069
25-12-2012,3085
24-12-2012,3085
23-12-2012,3090
22-12-2012,3090
21-12-2012,3085
20-12-2012,3049
19-12-2012,3086
18-12-2012,3110
17-12-2012,3134
16-12-2012,3121
15-12-2012,3121
14-12-2012,3119
13-12-2012,3122
12-12-2012,3140
11-12-2012,3137
10-12-2012,3147
09-12-2012,3134
08-12-2012,3134
07-12-2012,3124
06-12-2012,3124
05-12-2012,3121
04-12-2012,3098
03-12-2012,3128
02-12-2012,3111
01-12-2012,3111
31-01-2013,2987
30-01-2013,3024
29-01-2013,3026
28-01-2013,3035
27-01-2013,3033
26-01-2013,3033
25-01-2013,3034
24-01-2013,3048
23-01-2013,3070
22-01-2013,3078
21-01-2013,3074
20-01-2013,3057
19-01-2013,3057
18-01-2013,3063
17-01-2013,3073
16-01-2013,3089
15-01-2013,3086
14-01-2013,3074
13-01-2013,3079
12-01-2013,3079
11-01-2013,3074
10-01-2013,3093
09-01-2013,3079
08-01-2013,3094
07-01-2013,3089
06-01-2013,3090
05-01-2013,3090
04-01-2013,3076
03-01-2013,3096
02-01-2013,3105
01-01-2013,3089
28-02-2013,2955
27-02-2013,2974
26-02-2013,3004
25-02-2013,2961
24-02-2013,2961
23-02-2013,2961
22-02-2013,2947
21-02-2013,2970
20-02-2013,2959
19-02-2013,3004
18-02-2013,3018
17-02-2013,3020
16-02-2013,3020
15-02-2013,3015
14-02-2013,3047
13-02-2013,3058
11-02-2013,3081
10-02-2013,3081
06-02-2013,3060
05-02-2013,3058
04-02-2013,3031
03-02-2013,3004
02-02-2013,3004
01-02-2013,2995
31-03-2013,2941
30-03-2013,2941
29-03-2013,2945
28-03-2013,2945
27-03-2013,2963
26-03-2013,2949
25-03-2013,2961
24-03-2013,2970
23-03-2013,2970
22-03-2013,2968
21-03-2013,2983
20-03-2013,2970
19-03-2013,2986
18-03-2013,2956
17-03-2013,2938
16-03-2013,2938
15-03-2013,2935
14-03-2013,2939
13-03-2013,2949
12-03-2013,2944
11-03-2013,2932
10-03-2013,2935
09-03-2013,2935
08-03-2013,2934
07-03-2013,2941
06-03-2013,2963
05-03-2013,2959
04-03-2013,2969
03-03-2013,2974
02-03-2013,2974
01-03-2013,2971
30-04-2013,2688
29-04-2013,2713
28-04-2013,2719
27-04-2013,2719
26-04-2013,2700
25-04-2013,2699
24-04-2013,2637
23-04-2013,2615
22-04-2013,2634
21-04-2013,2606
20-04-2013,2606
19-04-2013,2579
18-04-2013,2571
17-04-2013,2568
16-04-2013,2575
15-04-2013,2564
14-04-2013,2794
13-04-2013,2794
12-04-2013,2819
11-04-2013,2919
10-04-2013,2922
09-04-2013,2965
08-04-2013,2955
07-04-2013,2976
06-04-2013,2976
05-04-2013,2970
04-04-2013,2896
03-04-2013,2882
02-04-2013,2915
01-04-2013,2948
31-05-2013,2693
30-05-2013,2713
29-05-2013,2662
28-05-2013,2645
27-05-2013,2642
26-05-2013,2642
25-05-2013,2642
24-05-2013,2638
23-05-2013,2632
22-05-2013,2605
21-05-2013,2612
20-05-2013,2613
19-05-2013,2585
18-05-2013,2585
17-05-2013,2590
16-05-2013,2606
15-05-2013,2631
14-05-2013,2673
13-05-2013,2683
12-05-2013,2699
11-05-2013,2699
10-05-2013,2685
09-05-2013,2715
08-05-2013,2712
07-05-2013,2671
06-05-2013,2707
05-05-2013,2696
04-05-2013,2696
03-05-2013,2684
02-05-2013,2689
01-05-2013,2639
30-06-2013,2567
29-06-2013,2567
28-06-2013,2559
27-06-2013,2540
26-06-2013,2609
25-06-2013,2656
24-06-2013,2670
23-06-2013,2701
22-06-2013,2701
21-06-2013,2698
20-06-2013,2697
19-06-2013,2801
18-06-2013,2794
17-06-2013,2786
16-06-2013,2786
15-06-2013,2786
14-06-2013,2780
13-06-2013,2777
12-06-2013,2791
11-06-2013,2787
10-06-2013,2795
09-06-2013,2759
08-06-2013,2759
07-06-2013,2753
06-06-2013,2793
05-06-2013,2770
04-06-2013,2699
03-06-2013,2713
02-06-2013,2680
01-06-2013,2680
31-07-2013,2818
30-07-2013,2873
29-07-2013,2821
28-07-2013,2763
27-07-2013,2763
26-07-2013,2744
25-07-2013,2738
24-07-2013,2726
23-07-2013,2757
22-07-2013,2758
21-07-2013,2671
20-07-2013,2671
19-07-2013,2669
18-07-2013,2666
17-07-2013,2634
16-07-2013,2645
15-07-2013,2646
14-07-2013,2674
13-07-2013,2674
12-07-2013,2658
11-07-2013,2667
10-07-2013,2610
09-07-2013,2604
08-07-2013,2610
07-07-2013,2604
06-07-2013,2604
05-07-2013,2583
04-07-2013,2615
03-07-2013,2630
02-07-2013,2590
01-07-2013,2597
31-08-2013,3298
30-08-2013,3303
29-08-2013,3360
28-08-2013,3329
27-08-2013,3371
26-08-2013,3186
25-08-2013,3173
24-08-2013,3173
23-08-2013,3185
22-08-2013,3113
21-08-2013,3146
20-08-2013,3081
19-08-2013,3117
18-08-2013,3079
17-08-2013,3079
16-08-2013,3072
15-08-2013,2915
14-08-2013,2921
13-08-2013,2887
12-08-2013,2886
11-08-2013,2790
10-08-2013,2790
09-08-2013,2791
08-08-2013,2792
07-08-2013,2766
06-08-2013,2761
05-08-2013,2784
04-08-2013,2845
03-08-2013,2845
02-08-2013,2854
01-08-2013,2818
30-09-2013,3042
29-09-2013,3074
28-09-2013,3074
27-09-2013,3076
26-09-2013,2984
25-09-2013,3022
24-09-2013,2975
23-09-2013,2981
22-09-2013,2991
21-09-2013,2991
20-09-2013,2989
19-09-2013,3056
18-09-2013,2994
17-09-2013,2968
16-09-2013,2968
15-09-2013,3014
14-09-2013,3014
13-09-2013,2954
12-09-2013,3000
11-09-2013,3067
10-09-2013,3074
09-09-2013,3155
08-09-2013,3186
07-09-2013,3186
06-09-2013,3187
05-09-2013,3225
04-09-2013,3260
03-09-2013,3439
02-09-2013,3305
01-09-2013,3298
31-10-2013,2975
30-10-2013,3025
29-10-2013,3015
28-10-2013,3105
27-10-2013,3071
26-10-2013,3071
25-10-2013,3076
24-10-2013,3059
23-10-2013,3021
22-10-2013,3014
21-10-2013,2974
20-10-2013,2949
19-10-2013,2949
18-10-2013,2949
17-10-2013,2956
16-10-2013,2894
15-10-2013,2888
14-10-2013,2878
13-10-2013,2835
12-10-2013,2835
11-10-2013,2838
10-10-2013,2886
09-10-2013,2923
08-10-2013,2961
07-10-2013,2949
06-10-2013,2908
05-10-2013,2908
04-10-2013,2943
03-10-2013,3009
02-10-2013,2965
01-10-2013,2951
30-11-2013,3022
29-11-2013,3023
28-11-2013,3017
27-11-2013,2997
26-11-2013,3010
25-11-2013,3007
24-11-2013,2983
23-11-2013,2983
22-11-2013,2987
21-11-2013,3023
20-11-2013,3016
19-11-2013,3024
18-11-2013,3008
17-11-2013,3033
16-11-2013,3033
15-11-2013,3035
14-11-2013,3034
13-11-2013,3000
12-11-2013,3040
11-11-2013,3016
10-11-2013,2976
09-11-2013,2976
08-11-2013,2976
07-11-2013,2993
06-11-2013,3001
05-11-2013,2969
04-11-2013,2988
03-11-2013,2986
02-11-2013,2983
01-11-2013,2985
31-12-2013,2846
30-12-2013,2840
29-12-2013,2855
28-12-2013,2855
27-12-2013,2855
26-12-2013,2858
25-12-2013,2843
24-12-2013,2845
23-12-2013,2837
22-12-2013,2855
21-12-2013,2855
20-12-2013,2861
19-12-2013,2837
18-12-2013,2877
17-12-2013,2876
16-12-2013,2890
15-12-2013,2944
14-12-2013,2944
13-12-2013,2941
12-12-2013,2920
11-12-2013,2946
10-12-2013,2949
09-12-2013,2905
08-12-2013,2897
07-12-2013,2897
06-12-2013,2899
05-12-2013,2925
04-12-2013,3076
03-12-2013,3034
02-12-2013,3002
01-12-2013,3022
31-01-2014,2936
30-01-2014,2944
29-01-2014,2972
28-01-2014,2955
27-01-2014,2979
26-01-2014,2954
25-01-2014,2954
24-01-2014,2949
23-01-2014,2933
22-01-2014,2918
21-01-2014,2924
20-01-2014,2931
19-01-2014,2928
18-01-2014,2928
17-01-2014,2925
16-01-2014,2906
15-01-2014,2900
14-01-2014,2908
13-01-2014,2918
12-01-2014,2902
11-01-2014,2902
10-01-2014,2899
09-01-2014,2883
08-01-2014,2876
07-01-2014,2887
06-01-2014,2907
05-01-2014,2915
04-01-2014,2915
03-01-2014,2916
02-01-2014,2894
01-01-2014,2843
28-02-2014,3014
27-02-2014,3010
26-02-2014,3020
25-02-2014,3020
24-02-2014,3011
23-02-2014,2989
22-02-2014,2989
21-02-2014,2985
20-02-2014,2989
19-02-2014,3003
18-02-2014,3021
17-02-2014,3009
16-02-2014,2934
15-02-2014,2934
14-02-2014,2935
13-02-2014,2919
12-02-2014,2911
11-02-2014,2911
10-02-2014,2892
09-02-2014,2876
08-02-2014,2876
07-02-2014,2874
06-02-2014,2868
05-02-2014,2877
04-02-2014,2969
03-02-2014,2979
02-02-2014,2950
01-02-2014,2950
31-03-2014,2851
30-03-2014,2839
29-03-2014,2839
28-03-2014,2836
27-03-2014,2847
26-03-2014,2847
25-03-2014,2897
24-03-2014,2918
23-03-2014,2976
22-03-2014,2976
21-03-2014,2975
20-03-2014,2978
19-03-2014,3004
18-03-2014,3020
17-03-2014,3038
16-03-2014,3059
15-03-2014,3059
14-03-2014,3060
13-03-2014,3053
12-03-2014,3051
11-03-2014,3020
10-03-2014,3009
09-03-2014,3014
08-03-2014,3014
07-03-2014,3025
06-03-2014,3020
05-03-2014,3017
04-03-2014,3016
03-03-2014,3061
02-03-2014,3008
01-03-2014,3008
30-04-2014,2890
29-04-2014,2875
28-04-2014,2895
27-04-2014,2890
26-04-2014,2890
25-04-2014,2890
24-04-2014,2880
23-04-2014,2876
22-04-2014,2860
21-04-2014,2848
20-04-2014,2853
19-04-2014,2853
18-04-2014,2853
17-04-2014,2850
16-04-2014,2860
15-04-2014,2855
14-04-2014,2876
13-04-2014,2876
12-04-2014,2876
11-04-2014,2877
10-04-2014,2878
09-04-2014,2842
08-04-2014,2846
07-04-2014,2832
06-04-2014,2825
05-04-2014,2825
04-04-2014,2854
03-04-2014,2854
02-04-2014,2824
01-04-2014,2820
31-05-2014,2690
30-05-2014,2684
29-05-2014,2684
28-05-2014,2684
27-05-2014,2696
26-05-2014,2747
25-05-2014,2738
24-05-2014,2738
23-05-2014,2730
22-05-2014,2721
21-05-2014,2742
20-05-2014,2817
19-05-2014,2811
18-05-2014,2813
17-05-2014,2813
16-05-2014,2808
15-05-2014,2847
14-05-2014,2871
13-05-2014,2849
12-05-2014,2861
11-05-2014,2851
10-05-2014,2851
09-05-2014,2852
08-05-2014,2851
07-05-2014,2852
06-05-2014,2889
05-05-2014,2894
04-05-2014,2886
03-05-2014,2886
02-05-2014,2887
01-05-2014,2857
30-06-2014,2771
29-06-2014,2768
28-06-2014,2768
27-06-2014,2769
26-06-2014,2766
25-06-2014,2776
24-06-2014,2773
23-06-2014,2767
22-06-2014,2765
21-06-2014,2765
20-06-2014,2769
19-06-2014,2760
18-06-2014,2683
17-06-2014,2684
16-06-2014,2695
15-06-2014,2662
14-06-2014,2662
13-06-2014,2663
12-06-2014,2634
11-06-2014,2606
10-06-2014,2613
09-06-2014,2594
08-06-2014,2587
07-06-2014,2587
06-06-2014,2585
05-06-2014,2596
04-06-2014,2665
03-06-2014,2671
02-06-2014,2668
01-06-2014,2690
31-07-2014,2780
30-07-2014,2793
29-07-2014,2787
28-07-2014,2793
27-07-2014,2793
26-07-2014,2793
25-07-2014,2791
24-07-2014,2763
23-07-2014,2789
22-07-2014,2790
21-07-2014,2811
20-07-2014,2800
19-07-2014,2800
18-07-2014,2799
17-07-2014,2823
16-07-2014,2768
15-07-2014,2768
14-07-2014,2775
13-07-2014,2832
12-07-2014,2832
11-07-2014,2836
10-07-2014,2849
09-07-2014,2761
08-07-2014,2751
07-07-2014,2746
06-07-2014,2758
05-07-2014,2758
04-07-2014,2752
03-07-2014,2746
02-07-2014,2768
01-07-2014,2781
31-08-2014,2801
30-08-2014,2801
29-08-2014,2799
28-08-2014,2806
27-08-2014,2778
26-08-2014,2790
25-08-2014,2778
24-08-2014,2780
23-08-2014,2780
22-08-2014,2781
21-08-2014,2775
20-08-2014,2821
19-08-2014,2824
18-08-2014,2831
17-08-2014,2862
16-08-2014,2862
15-08-2014,2862
14-08-2014,2862
13-08-2014,2869
12-08-2014,2871
11-08-2014,2864
10-08-2014,2860
09-08-2014,2860
08-08-2014,2859
07-08-2014,2878
06-08-2014,2861
05-08-2014,2805
04-08-2014,2790
03-08-2014,2812
02-08-2014,2812
01-08-2014,2806
30-09-2014,2702
29-09-2014,2691
28-09-2014,2680
27-09-2014,2680
26-09-2014,2681
25-09-2014,2687
24-09-2014,2657
23-09-2014,2665
22-09-2014,2655
21-09-2014,2650
20-09-2014,2650
19-09-2014,2651
18-09-2014,2667
17-09-2014,2692
16-09-2014,2697
15-09-2014,2700
14-09-2014,2690
13-09-2014,2690
12-09-2014,2691
11-09-2014,2697
10-09-2014,2718
09-09-2014,2721
08-09-2014,2718
07-09-2014,2739
06-09-2014,2739
05-09-2014,2737
04-09-2014,2745
03-09-2014,2756
02-09-2014,2755
01-09-2014,2794
31-10-2014,2614
30-10-2014,2660
29-10-2014,2708
28-10-2014,2714
27-10-2014,2718
26-10-2014,2717
25-10-2014,2717
24-10-2014,2718
23-10-2014,2712
22-10-2014,2747
21-10-2014,2756
20-10-2014,2740
19-10-2014,2726
18-10-2014,2726
17-10-2014,2728
16-10-2014,2748
15-10-2014,2724
14-10-2014,2723
13-10-2014,2699
12-10-2014,2697
11-10-2014,2697
10-10-2014,2695
09-10-2014,2697
08-10-2014,2674
07-10-2014,2681
06-10-2014,2672
05-10-2014,2651
04-10-2014,2651
03-10-2014,2656
02-10-2014,2685
01-10-2014,2702
30-11-2014,2582
29-11-2014,2582
28-11-2014,2590
27-11-2014,2620
26-11-2014,2635
25-11-2014,2636
24-11-2014,2646
23-11-2014,2640
22-11-2014,2640
21-11-2014,2659
20-11-2014,2649
19-11-2014,2669
18-11-2014,2657
17-11-2014,2637
16-11-2014,2645
15-11-2014,2645
14-11-2014,2615
13-11-2014,2580
12-11-2014,2587
11-11-2014,2569
10-11-2014,2568
09-11-2014,2593
08-11-2014,2593
07-11-2014,2585
06-11-2014,2548
05-11-2014,2551
04-11-2014,2596
03-11-2014,2606
02-11-2014,2614
01-11-2014,2614
31-12-2014,2671
30-12-2014,2680
29-12-2014,2685
28-12-2014,2706
27-12-2014,2706
26-12-2014,2702
25-12-2014,2659
24-12-2014,2658
23-12-2014,2661
22-12-2014,2661
21-12-2014,2700
20-12-2014,2700
19-12-2014,2699
18-12-2014,2680
17-12-2014,2700
16-12-2014,2715
15-12-2014,2747
14-12-2014,2720
13-12-2014,2720
12-12-2014,2720
11-12-2014,2732
10-12-2014,2717
09-12-2014,2721
08-12-2014,2635
07-12-2014,2638
06-12-2014,2638
05-12-2014,2639
04-12-2014,2635
03-12-2014,2649
02-12-2014,2616
01-12-2014,2640
31-01-2015,2795
30-01-2015,2794
29-01-2015,2755
28-01-2015,2780
27-01-2015,2793
26-01-2015,2790
25-01-2015,2790
24-01-2015,2790
23-01-2015,2788
22-01-2015,2805
21-01-2015,2799
20-01-2015,2805
19-01-2015,2770
18-01-2015,2760
17-01-2015,2760
16-01-2015,2773
15-01-2015,2746
14-01-2015,2717
13-01-2015,2710
12-01-2015,2696
11-01-2015,2680
10-01-2015,2680
09-01-2015,2679
08-01-2015,2685
07-01-2015,2718
06-01-2015,2737
05-01-2015,2695
04-01-2015,2674
03-01-2015,2674
02-01-2015,2677
01-01-2015,2670
28-02-2015,2648
27-02-2015,2628
26-02-2015,2622
25-02-2015,2618
24-02-2015,2605
23-02-2015,2621
22-02-2015,2628
21-02-2015,2628
20-02-2015,2628
19-02-2015,2630
18-02-2015,2610
17-02-2015,2621
16-02-2015,2675
15-02-2015,2669
14-02-2015,2669
13-02-2015,2673
12-02-2015,2655
11-02-2015,2668
10-02-2015,2686
09-02-2015,2682
08-02-2015,2682
07-02-2015,2682
06-02-2015,2677
05-02-2015,2728
04-02-2015,2772
03-02-2015,2746
02-02-2015,2779
01-02-2015,2795
31-03-2015,2622
30-03-2015,2642
29-03-2015,2659
28-03-2015,2659
27-03-2015,2655
26-03-2015,2678
25-03-2015,2648
24-03-2015,2630
23-03-2015,2618
22-03-2015,2617
21-03-2015,2617
20-03-2015,2619
19-03-2015,2595
18-03-2015,2563
17-03-2015,2560
16-03-2015,2574
15-03-2015,2591
14-03-2015,2591
13-03-2015,2584
12-03-2015,2560
11-03-2015,2573
10-03-2015,2590
09-03-2015,2602
08-03-2015,2599
07-03-2015,2599
06-03-2015,2616
05-03-2015,2655
04-03-2015,2653
03-03-2015,2641
02-03-2015,2654
01-03-2015,2648
30-04-2015,2672
29-04-2015,2722
28-04-2015,2717
27-04-2015,2711
26-04-2015,2672
25-04-2015,2672
24-04-2015,2669
23-04-2015,2683
22-04-2015,2666
21-04-2015,2694
20-04-2015,2686
19-04-2015,2681
18-04-2015,2681
17-04-2015,2682
16-04-2015,2663
15-04-2015,2671
14-04-2015,2654
13-04-2015,2670
12-04-2015,2679
11-04-2015,2679
10-04-2015,2673
09-04-2015,2653
08-04-2015,2672
07-04-2015,2688
06-04-2015,2703
05-04-2015,2660
04-04-2015,2660
03-04-2015,2660
02-04-2015,2645
01-04-2015,2648
31-05-2015,2685
30-05-2015,2685
29-05-2015,2685
28-05-2015,2684
27-05-2015,2688
26-05-2015,2692
25-05-2015,2716
24-05-2015,2708
23-05-2015,2708
22-05-2015,2710
21-05-2015,2713
20-05-2015,2726
19-05-2015,2728
18-05-2015,2763
17-05-2015,2745
16-05-2015,2745
15-05-2015,2747
14-05-2015,2745
13-05-2015,2751
12-05-2015,2715
11-05-2015,2685
10-05-2015,2689
09-05-2015,2689
08-05-2015,2688
07-05-2015,2693
06-05-2015,2692
05-05-2015,2690
04-05-2015,2687
03-05-2015,2662
02-05-2015,2662
01-05-2015,2663
30-06-2015,2653
29-06-2015,2671
28-06-2015,2653
27-06-2015,2653
26-06-2015,2651
25-06-2015,2649
24-06-2015,2653
23-06-2015,2661
22-06-2015,2671
21-06-2015,2709
20-06-2015,2709
19-06-2015,2706
18-06-2015,2717
17-06-2015,2684
16-06-2015,2697
15-06-2015,2702
14-06-2015,2690
13-06-2015,2690
12-06-2015,2690
11-06-2015,2690
10-06-2015,2698
09-06-2015,2684
08-06-2015,2677
07-06-2015,2672
06-06-2015,2672
05-06-2015,2673
04-06-2015,2662
03-06-2015,2675
02-06-2015,2683
01-06-2015,2676
31-07-2015,2477
30-07-2015,2475
29-07-2015,2472
28-07-2015,2475
27-07-2015,2489
26-07-2015,2479
25-07-2015,2479
24-07-2015,2470
23-07-2015,2478
22-07-2015,2468
21-07-2015,2494
20-07-2015,2504
19-07-2015,2549
18-07-2015,2549
17-07-2015,2551
16-07-2015,2576
15-07-2015,2583
14-07-2015,2594
13-07-2015,2602
12-07-2015,2606
11-07-2015,2606
10-07-2015,2605
09-07-2015,2608
08-07-2015,2622
07-07-2015,2604
06-07-2015,2634
05-07-2015,2634
04-07-2015,2634
03-07-2015,2630
02-07-2015,2621
01-07-2015,2645
31-08-2015,2670
30-08-2015,2663
29-08-2015,2663
28-08-2015,2663
27-08-2015,2632
26-08-2015,2637
25-08-2015,2673
24-08-2015,2747
23-08-2015,2722
22-08-2015,2722
21-08-2015,2728
20-08-2015,2685
19-08-2015,2617
18-08-2015,2599
17-08-2015,2603
16-08-2015,2577
15-08-2015,2577
14-08-2015,2579
13-08-2015,2592
12-08-2015,2599
11-08-2015,2542
10-08-2015,2512
09-08-2015,2489
08-08-2015,2489
07-08-2015,2489
06-08-2015,2482
05-08-2015,2471
04-08-2015,2468
03-08-2015,2473
02-08-2015,2485
01-08-2015,2485
30-09-2015,2587
29-09-2015,2626
28-09-2015,2650
27-09-2015,2673
26-09-2015,2673
25-09-2015,2674
24-09-2015,2697
23-09-2015,2647
22-09-2015,2620
21-09-2015,2637
20-09-2015,2647
19-09-2015,2647
18-09-2015,2647
17-09-2015,2618
16-09-2015,2635
15-09-2015,2598
14-09-2015,2607
13-09-2015,2596
12-09-2015,2596
11-09-2015,2600
10-09-2015,2615
09-09-2015,2601
08-09-2015,2645
07-09-2015,2651
06-09-2015,2654
05-09-2015,2654
04-09-2015,2655
03-09-2015,2637
02-09-2015,2665
01-09-2015,2684
31-10-2015,2649
30-10-2015,2652
29-10-2015,2672
28-10-2015,2714
27-10-2015,2682
26-10-2015,2689
25-10-2015,2682
24-10-2015,2682
23-10-2015,2681
22-10-2015,2686
21-10-2015,2696
20-10-2015,2712
19-10-2015,2701
18-10-2015,2715
17-10-2015,2715
16-10-2015,2714
15-10-2015,2727
14-10-2015,2716
13-10-2015,2698
12-10-2015,2685
11-10-2015,2662
10-10-2015,2662
09-10-2015,2662
08-10-2015,2643
07-10-2015,2647
06-10-2015,2662
05-10-2015,2634
04-10-2015,2580
03-10-2015,2580
02-10-2015,2580
01-10-2015,2578
30-11-2015,2498
29-11-2015,2507
28-11-2015,2507
27-11-2015,2521
26-11-2015,2528
25-11-2015,2519
24-11-2015,2530
23-11-2015,2524
22-11-2015,2525
21-11-2015,2525
20-11-2015,2537
19-11-2015,2512
18-11-2015,2506
17-11-2015,2531
16-11-2015,2556
15-11-2015,2537
14-11-2015,2537
13-11-2015,2540
12-11-2015,2541
11-11-2015,2547
10-11-2015,2564
09-11-2015,2565
08-11-2015,2553
07-11-2015,2553
06-11-2015,2552
05-11-2015,2584
04-11-2015,2593
03-11-2015,2619
02-11-2015,2648
01-11-2015,2649
31-12-2015,2495
30-12-2015,2502
29-12-2015,2521
28-12-2015,2515
27-12-2015,2522
26-12-2015,2522
25-12-2015,2522
24-12-2015,2515
23-12-2015,2516
22-12-2015,2532
21-12-2015,2526
20-12-2015,2509
19-12-2015,2509
18-12-2015,2498
17-12-2015,2488
16-12-2015,2540
15-12-2015,2530
14-12-2015,2552
13-12-2015,2567
12-12-2015,2567
11-12-2015,2533
10-12-2015,2547
09-12-2015,2564
08-12-2015,2560
07-12-2015,2564
06-12-2015,2572
05-12-2015,2572
04-12-2015,2537
03-12-2015,2495
02-12-2015,2493
01-12-2015,2509
31-01-2016,2665
30-01-2016,2665
29-01-2016,2657
28-01-2016,2668
27-01-2016,2673
26-01-2016,2637
25-01-2016,2636
24-01-2016,2615
23-01-2016,2615
22-01-2016,2611
21-01-2016,2626
20-01-2016,2637
19-01-2016,2597
18-01-2016,2604
17-01-2016,2612
16-01-2016,2612
15-01-2016,2609
14-01-2016,2587
13-01-2016,2556
12-01-2016,2570
11-01-2016,2594
10-01-2016,2598
09-01-2016,2598
08-01-2016,2590
07-01-2016,2607
06-01-2016,2570
05-01-2016,2537
04-01-2016,2540
03-01-2016,2497
02-01-2016,2497
01-01-2016,2497
29-02-2016,2950
28-02-2016,2933
27-02-2016,2933
26-02-2016,2945
25-02-2016,2966
24-02-2016,2969
23-02-2016,2928
22-02-2016,2893
21-02-2016,2950
20-02-2016,2950
19-02-2016,2946
18-02-2016,2884
17-02-2016,2883
16-02-2016,2898
15-02-2016,2876
14-02-2016,2940
13-02-2016,2940
12-02-2016,2954
11-02-2016,2951
10-02-2016,2812
09-02-2016,2827
08-02-2016,2803
07-02-2016,2754
06-02-2016,2754
05-02-2016,2729
04-02-2016,2734
03-02-2016,2691
02-02-2016,2684
01-02-2016,2669
31-03-2016,2855
30-03-2016,2859
29-03-2016,2870
28-03-2016,2845
27-03-2016,2860
26-03-2016,2860
25-03-2016,2859
24-03-2016,2859
23-03-2016,2853
22-03-2016,2905
21-03-2016,2895
20-03-2016,2914
19-03-2016,2914
18-03-2016,2905
17-03-2016,2950
16-03-2016,2895
15-03-2016,2903
14-03-2016,2950
13-03-2016,2949
12-03-2016,2949
11-03-2016,2973
10-03-2016,2925
09-03-2016,2954
08-03-2016,3000
07-03-2016,2980
06-03-2016,2975
05-03-2016,2975
04-03-2016,2968
03-03-2016,2930
02-03-2016,2920
01-03-2016,2954
30-04-2016,3027
29-04-2016,3022
28-04-2016,2954
27-04-2016,2932
26-04-2016,2919
25-04-2016,2923
24-04-2016,2902
23-04-2016,2902
22-04-2016,2931
21-04-2016,2938
20-04-2016,2937
19-04-2016,2931
18-04-2016,2906
17-04-2016,2896
16-04-2016,2896
15-04-2016,2888
14-04-2016,2920
13-04-2016,2922
12-04-2016,2928
11-04-2016,2935
10-04-2016,2913
09-04-2016,2913
08-04-2016,2897
07-04-2016,2905
06-04-2016,2866
05-04-2016,2866
04-04-2016,2820
03-04-2016,2804
02-04-2016,2804
01-04-2016,2800
31-05-2016,2865
30-05-2016,2849
29-05-2016,2860
28-05-2016,2860
27-05-2016,2858
26-05-2016,2886
25-05-2016,2891
24-05-2016,2941
23-05-2016,2965
22-05-2016,2969
21-05-2016,2969
20-05-2016,2973
19-05-2016,2969
18-05-2016,2997
17-05-2016,3010
16-05-2016,3000
15-05-2016,3003
14-05-2016,3003
13-05-2016,2994
12-05-2016,2995
11-05-2016,3000
10-05-2016,2967
09-05-2016,2986
08-05-2016,3038
07-05-2016,3038
06-05-2016,3039
05-05-2016,2991
04-05-2016,3001
03-05-2016,3021
02-05-2016,3030
01-05-2016,3027
30-06-2016,3122
29-06-2016,3133
28-06-2016,3129
27-06-2016,3159
26-06-2016,3140
25-06-2016,3140
24-06-2016,3129
23-06-2016,2996
22-06-2016,3011
21-06-2016,3031
20-06-2016,3057
19-06-2016,3060
18-06-2016,3060
17-06-2016,3049
16-06-2016,3121
15-06-2016,3036
14-06-2016,3054
13-06-2016,3037
12-06-2016,3008
11-06-2016,3008
10-06-2016,3007
09-06-2016,2983
08-06-2016,2967
07-06-2016,2929
06-06-2016,2944
05-06-2016,2939
04-06-2016,2939
03-06-2016,2908
02-06-2016,2859
01-06-2016,2867
31-07-2016,3155
30-07-2016,3155
29-07-2016,3126
28-07-2016,3108
27-07-2016,3096
26-07-2016,3087
25-07-2016,3074
24-07-2016,3087
23-07-2016,3087
22-07-2016,3086
21-07-2016,3082
20-07-2016,3080
19-07-2016,3108
18-07-2016,3103
17-07-2016,3098
16-07-2016,3098
15-07-2016,3087
14-07-2016,3087
13-07-2016,3115
12-07-2016,3134
11-07-2016,3166
10-07-2016,3172
09-07-2016,3172
08-07-2016,3160
07-07-2016,3176
06-07-2016,3225
05-07-2016,3169
04-07-2016,3181
03-07-2016,3146
02-07-2016,3146
01-07-2016,3149
31-08-2016,3074
30-08-2016,3094
29-08-2016,3100
28-08-2016,3099
27-08-2016,3099
26-08-2016,3117
25-08-2016,3093
24-08-2016,3109
23-08-2016,3139
22-08-2016,3133
21-08-2016,3140
20-08-2016,3140
19-08-2016,3145
18-08-2016,3144
17-08-2016,3139
16-08-2016,3139
15-08-2016,3122
14-08-2016,3122
13-08-2016,3122
12-08-2016,3152
11-08-2016,3144
10-08-2016,3133
09-08-2016,3125
08-08-2016,3117
07-08-2016,3105
06-08-2016,3105
05-08-2016,3114
04-08-2016,3166
03-08-2016,3165
02-08-2016,3180
01-08-2016,3145
30-09-2016,3108
29-09-2016,3102
28-09-2016,3094
27-09-2016,3103
26-09-2016,3132
25-09-2016,3128
24-09-2016,3128
23-09-2016,3133
22-09-2016,3123
21-09-2016,3117
20-09-2016,3092
19-09-2016,3089
18-09-2016,3081
17-09-2016,3081
16-09-2016,3090
15-09-2016,3097
14-09-2016,3105
13-09-2016,3115
12-09-2016,3108
11-09-2016,3122
10-09-2016,3122
09-09-2016,3126
08-09-2016,3130
07-09-2016,3130
06-09-2016,3114
05-09-2016,3092
04-09-2016,3092
03-09-2016,3092
02-09-2016,3084
01-09-2016,3084
31-10-2016,3006
30-10-2016,3006
29-10-2016,3008
28-10-2016,2993
27-10-2016,2991
26-10-2016,2989
25-10-2016,2986
24-10-2016,2978
23-10-2016,2995
22-10-2016,2995
21-10-2016,2992
20-10-2016,2993
19-10-2016,2991
18-10-2016,2975
17-10-2016,2968
16-10-2016,2966
15-10-2016,2966
14-10-2016,2959
13-10-2016,2978
12-10-2016,2965
11-10-2016,2968
10-10-2016,2968
09-10-2016,2958
08-10-2016,2958
07-10-2016,2965
06-10-2016,2961
05-10-2016,2990
04-10-2016,3018
03-10-2016,3068
02-10-2016,3074
01-10-2016,3074
30-11-2016,2849
29-11-2016,2876
28-11-2016,2868
27-11-2016,2860
26-11-2016,2860
25-11-2016,2859
24-11-2016,2872
23-11-2016,2887
22-11-2016,2917
21-11-2016,2907
20-11-2016,2894
19-11-2016,2894
18-11-2016,2894
17-11-2016,2929
16-11-2016,2938
15-11-2016,2933
14-11-2016,2935
13-11-2016,2940
12-11-2016,2940
11-11-2016,2968
10-11-2016,2995
09-11-2016,3015
08-11-2016,3002
07-11-2016,3017
06-11-2016,3056
05-11-2016,3056
04-11-2016,3056
03-11-2016,3045
02-11-2016,3053
01-11-2016,3024
31-12-2016,2745
30-12-2016,2757
29-12-2016,2735
28-12-2016,2726
27-12-2016,2723
26-12-2016,2697
25-12-2016,2699
24-12-2016,2699
23-12-2016,2700
22-12-2016,2703
21-12-2016,2708
20-12-2016,2706
19-12-2016,2719
18-12-2016,2716
17-12-2016,2716
16-12-2016,2706
15-12-2016,2703
14-12-2016,2764
13-12-2016,2755
12-12-2016,2751
11-12-2016,2758
10-12-2016,2758
09-12-2016,2768
08-12-2016,2780
07-12-2016,2800
06-12-2016,2792
05-12-2016,2812
04-12-2016,2843
03-12-2016,2843
02-12-2016,2841
01-12-2016,2800
31-01-2017,2883
30-01-2017,2843
29-01-2017,2835
28-01-2017,2835
27-01-2017,2820
26-01-2017,2839
25-01-2017,2843
24-01-2017,2877
23-01-2017,2876
22-01-2017,2863
21-01-2017,2863
20-01-2017,2859
19-01-2017,2849
18-01-2017,2880
17-01-2017,2873
16-01-2017,2855
15-01-2017,2838
14-01-2017,2838
13-01-2017,2828
12-01-2017,2847
11-01-2017,2817
10-01-2017,2818
09-01-2017,2793
08-01-2017,2789
07-01-2017,2789
06-01-2017,2791
05-01-2017,2788
04-01-2017,2775
03-01-2017,2763
02-01-2017,2754
01-01-2017,2745
28-02-2017,2960
27-02-2017,2965
26-02-2017,2962
25-02-2017,2962
24-02-2017,2955
23-02-2017,2941
22-02-2017,2930
21-02-2017,2919
20-02-2017,2926
19-02-2017,2936
18-02-2017,2936
17-02-2017,2942
16-02-2017,2934
15-02-2017,2900
14-02-2017,2912
13-02-2017,2902
12-02-2017,2917
11-02-2017,2917
10-02-2017,2903
09-02-2017,2922
08-02-2017,2939
07-02-2017,2927
06-02-2017,2908
05-02-2017,2891
04-02-2017,2891
03-02-2017,2890
02-02-2017,2922
01-02-2017,2882
31-03-2017,2851
30-03-2017,2864
29-03-2017,2865
28-03-2017,2888
27-03-2017,2884
26-03-2017,2879
25-03-2017,2879
24-03-2017,2880
23-03-2017,2886
22-03-2017,2888
21-03-2017,2865
20-03-2017,2854
19-03-2017,2851
18-03-2017,2851
17-03-2017,2848
16-03-2017,2845
15-03-2017,2796
14-03-2017,2812
13-03-2017,2825
12-03-2017,2837
11-03-2017,2837
10-03-2017,2834
09-03-2017,2852
08-03-2017,2864
07-03-2017,2880
06-03-2017,2908
05-03-2017,2902
04-03-2017,2902
03-03-2017,2904
02-03-2017,2929
01-03-2017,2935
30-04-2017,2887
29-04-2017,2887
28-04-2017,2886
27-04-2017,2881
26-04-2017,2873
25-04-2017,2891
24-04-2017,2908
23-04-2017,2942
22-04-2017,2942
21-04-2017,2938
20-04-2017,2931
19-04-2017,2928
18-04-2017,2941
17-04-2017,2946
16-04-2017,2941
15-04-2017,2941
14-04-2017,2941
13-04-2017,2933
12-04-2017,2926
11-04-2017,2909
10-04-2017,2869
09-04-2017,2868
08-04-2017,2868
07-04-2017,2889
06-04-2017,2875
05-04-2017,2868
04-04-2017,2889
03-04-2017,2869
02-04-2017,2846
01-04-2017,2846
31-05-2017,2871
30-05-2017,2879
29-05-2017,2889
28-05-2017,2889
27-05-2017,2889
26-05-2017,2885
25-05-2017,2864
24-05-2017,2869
23-05-2017,2890
22-05-2017,2874
21-05-2017,2864
20-05-2017,2864
19-05-2017,2861
18-05-2017,2875
17-05-2017,2858
16-05-2017,2812
15-05-2017,2808
14-05-2017,2801
13-05-2017,2801
12-05-2017,2807
11-05-2017,2806
10-05-2017,2805
09-05-2017,2800
08-05-2017,2810
07-05-2017,2807
06-05-2017,2807
05-05-2017,2810
04-05-2017,2809
03-05-2017,2849
02-05-2017,2857
01-05-2017,2883
30-06-2017,2847
29-06-2017,2851
28-06-2017,2860
27-06-2017,2856
26-06-2017,2847
25-06-2017,2873
24-06-2017,2873
23-06-2017,2874
22-06-2017,2868
21-06-2017,2854
20-06-2017,2853
19-06-2017,2859
18-06-2017,2869
17-06-2017,2869
16-06-2017,2874
15-06-2017,2879
14-06-2017,2903
13-06-2017,2890
12-06-2017,2899
11-06-2017,2902
10-06-2017,2902
09-06-2017,2895
08-06-2017,2910
07-06-2017,2952
06-06-2017,2953
05-06-2017,2899
04-06-2017,2887
03-06-2017,2887
02-06-2017,2888
01-06-2017,2862
31-07-2017,2859
30-07-2017,2858
29-07-2017,2858
28-07-2017,2853
27-07-2017,2842
26-07-2017,2836
25-07-2017,2846
24-07-2017,2855
23-07-2017,2854
22-07-2017,2854
21-07-2017,2848
20-07-2017,2830
19-07-2017,2822
18-07-2017,2824
17-07-2017,2810
16-07-2017,2800
15-07-2017,2800
14-07-2017,2798
13-07-2017,2786
12-07-2017,2793
11-07-2017,2769
10-07-2017,2772
09-07-2017,2778
08-07-2017,2778
07-07-2017,2786
06-07-2017,2811
05-07-2017,2809
04-07-2017,2813
03-07-2017,2815
02-07-2017,2844
01-07-2017,2844
31-08-2017,2971
30-08-2017,2955
29-08-2017,2978
28-08-2017,2926
27-08-2017,2917
26-08-2017,2917
25-08-2017,2911
24-08-2017,2907
23-08-2017,2915
22-08-2017,2910
21-08-2017,2924
20-08-2017,2916
19-08-2017,2916
18-08-2017,2933
17-08-2017,2910
16-08-2017,2890
15-08-2017,2908
14-08-2017,2908
13-08-2017,2920
12-08-2017,2920
11-08-2017,2917
10-08-2017,2919
09-08-2017,2877
08-08-2017,2833
07-08-2017,2845
06-08-2017,2841
05-08-2017,2841
04-08-2017,2844
03-08-2017,2847
02-08-2017,2847
01-08-2017,2848
30-09-2017,2956
29-09-2017,2961
28-09-2017,2957
27-09-2017,2976
26-09-2017,2992
25-09-2017,2979
24-09-2017,2959
23-09-2017,2959
22-09-2017,2963
21-09-2017,2951
20-09-2017,2978
19-09-2017,2967
18-09-2017,2963
17-09-2017,2986
16-09-2017,2986
15-09-2017,2987
14-09-2017,2992
13-09-2017,2988
12-09-2017,2990
11-09-2017,3001
10-09-2017,3027
09-09-2017,3027
08-09-2017,3026
07-09-2017,3026
06-09-2017,3020
05-09-2017,3014
04-09-2017,3011
03-09-2017,2982
02-09-2017,2982
01-09-2017,2978
31-10-2017,2918
30-10-2017,2930
29-10-2017,2932
28-10-2017,2932
27-10-2017,2929
26-10-2017,2932
25-10-2017,2935
24-10-2017,2950
23-10-2017,2941
22-10-2017,2955
21-10-2017,2955
20-10-2017,2961
19-10-2017,2968
18-10-2017,2957
17-10-2017,2964
16-10-2017,2992
15-10-2017,2985
14-10-2017,2985
13-10-2017,2979
12-10-2017,2980
11-10-2017,2977
10-10-2017,2985
09-10-2017,2973
08-10-2017,2957
07-10-2017,2957
06-10-2017,2955
05-10-2017,2935
04-10-2017,2931
03-10-2017,2939
02-10-2017,2956
01-10-2017,2956
30-11-2017,2918
29-11-2017,2925
28-11-2017,2941
27-11-2017,2945
26-11-2017,2938
25-11-2017,2938
24-11-2017,2944
23-11-2017,2945
22-11-2017,2945
21-11-2017,2940
20-11-2017,2962
19-11-2017,2969
18-11-2017,2969
17-11-2017,2948
16-11-2017,2952
15-11-2017,2965
14-11-2017,2948
13-11-2017,2957
12-11-2017,2949
11-11-2017,2949
10-11-2017,2966
09-11-2017,2959
08-11-2017,2953
07-11-2017,2940
06-11-2017,2917
05-11-2017,2909
04-11-2017,2909
03-11-2017,2915
02-11-2017,2928
01-11-2017,2924
31-12-2017,2917
30-12-2017,2917
29-12-2017,2906
28-12-2017,2903
27-12-2017,2890
26-12-2017,2880
25-12-2017,2866
24-12-2017,2866
23-12-2017,2866
22-12-2017,2858
21-12-2017,2845
20-12-2017,2845
19-12-2017,2843
18-12-2017,2844
17-12-2017,2825
16-12-2017,2825
15-12-2017,2831
14-12-2017,2825
13-12-2017,2816
12-12-2017,2817
11-12-2017,2840
10-12-2017,2853
09-12-2017,2853
08-12-2017,2857
07-12-2017,2876
06-12-2017,2898
05-12-2017,2911
04-12-2017,2903
03-12-2017,2921
02-12-2017,2921
01-12-2017,2908
31-01-2018,3009
30-01-2018,3016
29-01-2018,3006
28-01-2018,3036
27-01-2018,3036
26-01-2018,3036
25-01-2018,3021
24-01-2018,3021
23-01-2018,2982
22-01-2018,2984
21-01-2018,2977
20-01-2018,2977
19-01-2018,2975
18-01-2018,2964
17-01-2018,2976
16-01-2018,2976
15-01-2018,2973
14-01-2018,2957
13-01-2018,2957
12-01-2018,2944
11-01-2018,2938
10-01-2018,2932
09-01-2018,2917
08-01-2018,2925
07-01-2018,2922
06-01-2018,2922
05-01-2018,2918
04-01-2018,2917
03-01-2018,2924
02-01-2018,2918
01-01-2018,2912
28-02-2018,3036
27-02-2018,3047
26-02-2018,3056
25-02-2018,3051
24-02-2018,3051
23-02-2018,3045
22-02-2018,3048
21-02-2018,3051
20-02-2018,3072
19-02-2018,3076
18-02-2018,3080
17-02-2018,3080
16-02-2018,3078
15-02-2018,3058
14-02-2018,3033
13-02-2018,3018
12-02-2018,3012
11-02-2018,3001
10-02-2018,3001
09-02-2018,2994
08-02-2018,2995
07-02-2018,3010
06-02-2018,3031
05-02-2018,3027
04-02-2018,3037
03-02-2018,3037
02-02-2018,3034
01-02-2018,3045
31-03-2018,3041
30-03-2018,3041
29-03-2018,3042
28-03-2018,3052
27-03-2018,3071
26-03-2018,3093
25-03-2018,3091
24-03-2018,3091
23-03-2018,3089
22-03-2018,3049
21-03-2018,3045
20-03-2018,3026
19-03-2018,3043
18-03-2018,3022
17-03-2018,3022
16-03-2018,3023
15-03-2018,3032
14-03-2018,3041
13-03-2018,3038
12-03-2018,3032
11-03-2018,3040
10-03-2018,3040
09-03-2018,3040
08-03-2018,3044
07-03-2018,3046
06-03-2018,3059
05-03-2018,3036
04-03-2018,3045
03-03-2018,3045
02-03-2018,3050
01-03-2018,3019
30-04-2018,3104
29-04-2018,3121
28-04-2018,3121
27-04-2018,3121
26-04-2018,3125
25-04-2018,3139
24-04-2018,3139
23-04-2018,3128
22-04-2018,3143
21-04-2018,3143
20-04-2018,3144
19-04-2018,3160
18-04-2018,3154
17-04-2018,3139
16-04-2018,3130
15-04-2018,3112
14-04-2018,3112
13-04-2018,3111
12-04-2018,3101
11-04-2018,3135
10-04-2018,3086
09-04-2018,3076
08-04-2018,3069
07-04-2018,3069
06-04-2018,3070
05-04-2018,3035
04-04-2018,3072
03-04-2018,3064
02-04-2018,3096
01-04-2018,3041
31-05-2018,3087
30-05-2018,3104
29-05-2018,3118
28-05-2018,3097
27-05-2018,3119
26-05-2018,3119
25-05-2018,3118
24-05-2018,3148
23-05-2018,3119
22-05-2018,3111
21-05-2018,3112
20-05-2018,3109
19-05-2018,3109
18-05-2018,3108
17-05-2018,3098
16-05-2018,3100
15-05-2018,3117
14-05-2018,3149
13-05-2018,3152
12-05-2018,3152
11-05-2018,3153
10-05-2018,3136
09-05-2018,3130
08-05-2018,3123
07-05-2018,3126
06-05-2018,3111
05-05-2018,3111
04-05-2018,3112
03-05-2018,3105
02-05-2018,3093
01-05-2018,3091
30-06-2018,3043
29-06-2018,3043
28-06-2018,3049
27-06-2018,3069
26-06-2018,3055
25-06-2018,3065
24-06-2018,3061
23-06-2018,3061
22-06-2018,3062
21-06-2018,3062
20-06-2018,3077
19-06-2018,3088
18-06-2018,3099
17-06-2018,3101
16-06-2018,3101
15-06-2018,3101
14-06-2018,3139
13-06-2018,3114
12-06-2018,3116
11-06-2018,3122
10-06-2018,3122
09-06-2018,3122
08-06-2018,3122
07-06-2018,3119
06-06-2018,3085
05-06-2018,3068
04-06-2018,3060
03-06-2018,3055
02-06-2018,3055
01-06-2018,3055
31-07-2018,2971
30-07-2018,2974
29-07-2018,2977
28-07-2018,2977
27-07-2018,2978
26-07-2018,2978
25-07-2018,2992
24-07-2018,2984
23-07-2018,2986
22-07-2018,2990
21-07-2018,2990
20-07-2018,2990
19-07-2018,2988
18-07-2018,2976
17-07-2018,2974
16-07-2018,3009
15-07-2018,3011
14-07-2018,3011
13-07-2018,3010
12-07-2018,3015
11-07-2018,3030
10-07-2018,3053
09-07-2018,3062
08-07-2018,3056
07-07-2018,3056
06-07-2018,3056
05-07-2018,3064
04-07-2018,3062
03-07-2018,3050
02-07-2018,3029
01-07-2018,3043
31-08-2018,3031
30-08-2018,3023
29-08-2018,3010
28-08-2018,3007
27-08-2018,3005
26-08-2018,2989
25-08-2018,2989
24-08-2018,2980
23-08-2018,2964
22-08-2018,2970
21-08-2018,2958
20-08-2018,2946
19-08-2018,2935
18-08-2018,2935
17-08-2018,2940
16-08-2018,2942
15-08-2018,2973
14-08-2018,2980
13-08-2018,2982
12-08-2018,2979
11-08-2018,2979
10-08-2018,2978
09-08-2018,2949
08-08-2018,2949
07-08-2018,2949
06-08-2018,2949
05-08-2018,2948
04-08-2018,2948
03-08-2018,2948
02-08-2018,2945
01-08-2018,2946
30-09-2018,3051
29-09-2018,3051
28-09-2018,3050
27-09-2018,3033
26-09-2018,3060
25-09-2018,3083
24-09-2018,3084
23-09-2018,3057
22-09-2018,3057
21-09-2018,3058
20-09-2018,3060
19-09-2018,3092
18-09-2018,3086
17-09-2018,3076
16-09-2018,3043
15-09-2018,3043
14-09-2018,3061
13-09-2018,3050
12-09-2018,3047
11-09-2018,3072
10-09-2018,3066
09-09-2018,3051
08-09-2018,3051
07-09-2018,3042
06-09-2018,3066
05-09-2018,3034
04-09-2018,3025
03-09-2018,3024
02-09-2018,3014
01-09-2018,3014
22-10-2018,3183
21-10-2018,3191
20-10-2018,3191
19-10-2018,3191
18-10-2018,3209
17-10-2018,3187
16-10-2018,3187
15-10-2018,3207
14-10-2018,3184
13-10-2018,3184
12-10-2018,3182
11-10-2018,3200
10-10-2018,3138
09-10-2018,3127
08-10-2018,3122
07-10-2018,3165
06-10-2018,3165
05-10-2018,3105
04-10-2018,3100
03-10-2018,3100
02-10-2018,3059
01-10-2018,3057
30-11-2018,3016
29-11-2018,3028
28-11-2018,3027
31-12-2018,3140
30-12-2018,3164
29-12-2018,3164
28-12-2018,3174
27-12-2018,6325
25-12-2018,3147
24-12-2018,3136
23-12-2018,3119
22-12-2018,3119
21-12-2018,3125
20-12-2018,3121
19-12-2018,3116
18-12-2018,3126
17-12-2018,3147
16-12-2018,3154
15-12-2018,3154
14-12-2018,3154
13-12-2018,3157
12-12-2018,3178
11-12-2018,3196
10-12-2018,3205
09-12-2018,3156
08-12-2018,3156
07-12-2018,3134
06-12-2018,3118
05-12-2018,3103
04-12-2018,3083
03-12-2018,3084
02-12-2018,3026
01-12-2018,3026
31-01-2019,3305
30-01-2019,3289
29-01-2019,3286
28-01-2019,3254
27-01-2019,3235
26-01-2019,3235
25-01-2019,3233
24-01-2019,3202
23-01-2019,3215
22-01-2019,3213
21-01-2019,3205
20-01-2019,3210
19-01-2019,3210
18-01-2019,3208
17-01-2019,3225
16-01-2019,3228
15-01-2019,3217
14-01-2019,3213
13-01-2019,3192
12-01-2019,3192
11-01-2019,3194
10-01-2019,3188
09-01-2019,3196
08-01-2019,3173
07-01-2019,3165
06-01-2019,3146
05-01-2019,3146
04-01-2019,3147
03-01-2019,3179
02-01-2019,3163
01-01-2019,3141
28-02-2019,3299
27-02-2019,3329
26-02-2019,3338
25-02-2019,3332
24-02-2019,3350
23-02-2019,3350
22-02-2019,3352
21-02-2019,3349
20-02-2019,3388
19-02-2019,3388
18-02-2019,3360
17-02-2019,3340
16-02-2019,3340
15-02-2019,3337
14-02-2019,3308
13-02-2019,3302
12-02-2019,3282
11-02-2019,3305
10-02-2019,3323
09-02-2019,3323
08-02-2019,3322
07-02-2019,3317
06-02-2019,3333
05-02-2019,3335
04-02-2019,3335
03-02-2019,3341
02-02-2019,3341
01-02-2019,3331
31-03-2019,3170
30-03-2019,3170
29-03-2019,3175
28-03-2019,3161
27-03-2019,3201
26-03-2019,3211
25-03-2019,3222
24-03-2019,3215
23-03-2019,3215
22-03-2019,3216
21-03-2019,3180
20-03-2019,3170
19-03-2019,3198
18-03-2019,3166
17-03-2019,3184
16-03-2019,3184
15-03-2019,3183
14-03-2019,3181
13-03-2019,3221
12-03-2019,3200
11-03-2019,3189
10-03-2019,3220
09-03-2019,3220
08-03-2019,3216
07-03-2019,3192
06-03-2019,3195
05-03-2019,3209
04-03-2019,3237
03-03-2019,3266
02-03-2019,3266
01-03-2019,3269
30-04-2019,3175
29-04-2019,3194
28-04-2019,3194
27-04-2019,3194
26-04-2019,3197
25-04-2019,3185
24-04-2019,3162
23-04-2019,3156
22-04-2019,3159
21-04-2019,3147
20-04-2019,3147
19-04-2019,3147
18-04-2019,3145
17-04-2019,3148
16-04-2019,3153
15-04-2019,3186
14-04-2019,3187
13-04-2019,3187
12-04-2019,3187
11-04-2019,3175
10-04-2019,3229
09-04-2019,3221
08-04-2019,3219
07-04-2019,3188
06-04-2019,3188
05-04-2019,3160
04-04-2019,3181
03-04-2019,3144
02-04-2019,3146
01-04-2019,3151
31-05-2019,3212
30-05-2019,3180
29-05-2019,3174
28-05-2019,3155
27-05-2019,3162
26-05-2019,3153
25-05-2019,3153
24-05-2019,3153
23-05-2019,3166
22-05-2019,3142
21-05-2019,3142
20-05-2019,3154
19-05-2019,3180
18-05-2019,3180
17-05-2019,3179
16-05-2019,3198
15-05-2019,3226
14-05-2019,3224
13-05-2019,3249
12-05-2019,3190
11-05-2019,3190
10-05-2019,3190
09-05-2019,3190
08-05-2019,3168
07-05-2019,3173
06-05-2019,3155
05-05-2019,3146
04-05-2019,3146
03-05-2019,3145
02-05-2019,3135
01-05-2019,3176
30-06-2019,3420
29-06-2019,3420
28-06-2019,3420
27-06-2019,3417
26-06-2019,3439
25-06-2019,3457
24-06-2019,3446
23-06-2019,3418
22-06-2019,3418
21-06-2019,3416
20-06-2019,3402
19-06-2019,3308
18-06-2019,3304
17-06-2019,3301
16-06-2019,3307
15-06-2019,3307
14-06-2019,3304
13-06-2019,3298
12-06-2019,3275
11-06-2019,3264
10-06-2019,3267
09-06-2019,3294
08-06-2019,3294
07-06-2019,3295
06-06-2019,3281
05-06-2019,3279
04-06-2019,3249
03-06-2019,3243
02-06-2019,3207
01-06-2019,3207
31-07-2019,3453
30-07-2019,3455
29-07-2019,3471
28-07-2019,3477
27-07-2019,3477
26-07-2019,3478
25-07-2019,3483
24-07-2019,3505
23-07-2019,3503
22-07-2019,3513
21-07-2019,3505
20-07-2019,3505
19-07-2019,3502
18-07-2019,3519
17-07-2019,3510
16-07-2019,3482
15-07-2019,3488
14-07-2019,3494
13-07-2019,3494
12-07-2019,3495
11-07-2019,3469
10-07-2019,3487
09-07-2019,3460
08-07-2019,3458
07-07-2019,3456
06-07-2019,3456
05-07-2019,3459
04-07-2019,3424
03-07-2019,3423
02-07-2019,3402
01-07-2019,3365
31-08-2019,3866
30-08-2019,3866
29-08-2019,3879
28-08-2019,3919
27-08-2019,3904
26-08-2019,3883
25-08-2019,3881
24-08-2019,3881
23-08-2019,3876
22-08-2019,3815
21-08-2019,3800
20-08-2019,3802
19-08-2019,3783
18-08-2019,3801
17-08-2019,3801
16-08-2019,3796
15-08-2019,3820
14-08-2019,3816
13-08-2019,3779
12-08-2019,3824
11-08-2019,3798
10-08-2019,3798
09-08-2019,3800
08-08-2019,3779
07-08-2019,3820
06-08-2019,3751
05-08-2019,3654
04-08-2019,3555
03-08-2019,3555
02-08-2019,3558
01-08-2019,3500
30-09-2019,3689
29-09-2019,3774
28-09-2019,3774
27-09-2019,3776
26-09-2019,3780
25-09-2019,3761
24-09-2019,3812
23-09-2019,3793
22-09-2019,3773
21-09-2019,3773
20-09-2019,3772
19-09-2019,3772
18-09-2019,3786
17-09-2019,3800
16-09-2019,3820
15-09-2019,3752
14-09-2019,3752
13-09-2019,3752
12-09-2019,3772
11-09-2019,3797
10-09-2019,3825
09-09-2019,3849
08-09-2019,3857
07-09-2019,3857
06-09-2019,3858
05-09-2019,3890
04-09-2019,3985
03-09-2019,3969
02-09-2019,3912
01-09-2019,3866
31-10-2019,3858
30-10-2019,3809
29-10-2019,3790
28-10-2019,3791
27-10-2019,3829
26-10-2019,3828
25-10-2019,3827
24-10-2019,3837
23-10-2019,3800
22-10-2019,3790
21-10-2019,3809
20-10-2019,3809
19-10-2019,3809
18-10-2019,3809
17-10-2019,3821
16-10-2019,3822
15-10-2019,3804
14-10-2019,3825
13-10-2019,3786
12-10-2019,3786
11-10-2019,3785
10-10-2019,3814
09-10-2019,3850
08-10-2019,3841
07-10-2019,3808
06-10-2019,3832
05-10-2019,3832
04-10-2019,3807
03-10-2019,3800
02-10-2019,3733
01-10-2019,3730
30-11-2019,3803
29-11-2019,3804
28-11-2019,3768
27-11-2019,3758
26-11-2019,3770
25-11-2019,3773
24-11-2019,3790
23-11-2019,3790
22-11-2019,3792
21-11-2019,3799
20-11-2019,3802
19-11-2019,3822
18-11-2019,3821
17-11-2019,3797
16-11-2019,3797
15-11-2019,3798
14-11-2019,3824
13-11-2019,3809
12-11-2019,3772
11-11-2019,3768
10-11-2019,3769
09-11-2019,3769
08-11-2019,3768
07-11-2019,3756
06-11-2019,3821
05-11-2019,3793
04-11-2019,3844
03-11-2019,3832
02-11-2019,3832
01-11-2019,3831
31-12-2019,3911
30-12-2019,3900
29-12-2019,3909
28-12-2019,3909
27-12-2019,3907
26-12-2019,3887
25-12-2019,3865
24-12-2019,3861
23-12-2019,3821
22-12-2019,3798
21-12-2019,3798
20-12-2019,3803
19-12-2019,3807
18-12-2019,3791
17-12-2019,3793
16-12-2019,3786
15-12-2019,3781
14-12-2019,3781
13-12-2019,3774
12-12-2019,3755
11-12-2019,3770
10-12-2019,3758
09-12-2019,3760
08-12-2019,3769
07-12-2019,3769
06-12-2019,3772
05-12-2019,3824
04-12-2019,3816
03-12-2019,3840
02-12-2019,3795
01-12-2019,3803
31-01-2020,4099
30-01-2020,4095
29-01-2020,4033
28-01-2020,4016
27-01-2020,4057
26-01-2020,4037
25-01-2020,4037
24-01-2020,4032
23-01-2020,4028
22-01-2020,3990
21-01-2020,3992
20-01-2020,3996
19-01-2020,3997
18-01-2020,3997
17-01-2020,3991
16-01-2020,3968
15-01-2020,3959
14-01-2020,3944
13-01-2020,3957
12-01-2020,3987
11-01-2020,3987
10-01-2020,3986
09-01-2020,3978
08-01-2020,4008
07-01-2020,4066
06-01-2020,4045
05-01-2020,4013
04-01-2020,4013
03-01-2020,4008
02-01-2020,3927
01-01-2020,3909
29-02-2020,4141
28-02-2020,4150
27-02-2020,4234
26-02-2020,4251
25-02-2020,4275
24-02-2020,4353
23-02-2020,8540
22-02-2020,4270
21-02-2020,4266
20-02-2020,4206
19-02-2020,4158
18-02-2020,4142
17-02-2020,4078
16-02-2020,4098
15-02-2020,4100
14-02-2020,4068
13-02-2020,4063
12-02-2020,4048
11-02-2020,4041
10-02-2020,4067
09-02-2020,4065
08-02-2020,4066
07-02-2020,4061
06-02-2020,4036
05-02-2020,4023
04-02-2020,4012
03-02-2020,4065
02-02-2020,4123
01-02-2020,4123
31-03-2020,4325
30-03-2020,4380
29-03-2020,4356
28-03-2020,4356
27-03-2020,4353
26-03-2020,4360
25-03-2020,4215
24-03-2020,4127
23-03-2020,4124
22-03-2020,4038
21-03-2020,4038
20-03-2020,4038
19-03-2020,3982
18-03-2020,3982
17-03-2020,4033
16-03-2020,3963
15-03-2020,4046
14-03-2020,4046
13-03-2020,4029
12-03-2020,4228
11-03-2020,4340
10-03-2020,4374
09-03-2020,4436
08-03-2020,4424
07-03-2020,4423
06-03-2020,4404
05-03-2020,4440
04-03-2020,4356
03-03-2020,4341
02-03-2020,4204
01-03-2020,8260
30-04-2020,4535
29-04-2020,4569
28-04-2020,4579
27-04-2020,4626
26-04-2020,4660
25-04-2020,4660
24-04-2020,4651
23-04-2020,4662
22-04-2020,4618
21-04-2020,4535
20-04-2020,4571
19-04-2020,4566
18-04-2020,4566
17-04-2020,4566
16-04-2020,4728
15-04-2020,4672
14-04-2020,4627
13-04-2020,4627
12-04-2020,4530
11-04-2020,4530
10-04-2020,4531
09-04-2020,4531
08-04-2020,4493
07-04-2020,4512
06-04-2020,4372
05-04-2020,4371
04-04-2020,4365
03-04-2020,4365
02-04-2020,4350
01-04-2020,4350
31-05-2020,4656
30-05-2020,4656
29-05-2020,4681
28-05-2020,4669
27-05-2020,4610
26-05-2020,4643
25-05-2020,4685
24-05-2020,4706
23-05-2020,4706
22-05-2020,4698
21-05-2020,4630
20-05-2020,4693
19-05-2020,4712
18-05-2020,4698
17-05-2020,4736
16-05-2020,4736
15-05-2020,4715
14-05-2020,4663
13-05-2020,4595
12-05-2020,4578
11-05-2020,4574
10-05-2020,4585
09-05-2020,4585
08-05-2020,4603
07-05-2020,4554
06-05-2020,4547
05-05-2020,4548
04-05-2020,4566
03-05-2020,4556
02-05-2020,4556
01-05-2020,4511
30-06-2020,4864
29-06-2020,4836
28-06-2020,4832
27-06-2020,4832
26-06-2020,4784
25-06-2020,4796
24-06-2020,4831
23-06-2020,4814
22-06-2020,4809
21-06-2020,4793
20-06-2020,4793
19-06-2020,4772
18-06-2020,4723
17-06-2020,4738
16-06-2020,4722
15-06-2020,4692
14-06-2020,4736
13-06-2020,4736
12-06-2020,4752
11-06-2020,4759
10-06-2020,4676
09-06-2020,4662
08-06-2020,4602
07-06-2020,4574
06-06-2020,4574
05-06-2020,4675
04-06-2020,4660
03-06-2020,4590
02-06-2020,4683
01-06-2020,4683
31-07-2020,5350
30-07-2020,5285
29-07-2020,5275
28-07-2020,5255
27-07-2020,5210
26-07-2020,5101
25-07-2020,5101
24-07-2020,5104
23-07-2020,5064
22-07-2020,4991
21-07-2020,4941
20-07-2020,4911
19-07-2020,4897
18-07-2020,4897
17-07-2020,4894
16-07-2020,4904
15-07-2020,4909
14-07-2020,4923
13-07-2020,4902
12-07-2020,4888
11-07-2020,4888
10-07-2020,4902
09-07-2020,4903
08-07-2020,4929
07-07-2020,4868
06-07-2020,4815
05-07-2020,4805
04-07-2020,4805
03-07-2020,4805
02-07-2020,4814
01-07-2020,4819
31-08-2020,5165
30-08-2020,5140
29-08-2020,5140
28-08-2020,5130
27-08-2020,5076
26-08-2020,5152
25-08-2020,5095
24-08-2020,5137
23-08-2020,5199
22-08-2020,5199
21-08-2020,5192
20-08-2020,5213
19-08-2020,5279
18-08-2020,5311
17-08-2020,5328
16-08-2020,5218
15-08-2020,5218
14-08-2020,5247
13-08-2020,5239
12-08-2020,5218
11-08-2020,5246
10-08-2020,5522
09-08-2020,5487
08-08-2020,5487
07-08-2020,5528
06-08-2020,5576
05-08-2020,5407
04-08-2020,5420
03-08-2020,5389
02-08-2020,5385
01-08-2020,5385
30-09-2020,5050
29-09-2020,5041
28-09-2020,4975
27-09-2020,4969
26-09-2020,4969
25-09-2020,4965
24-09-2020,4954
23-09-2020,4962
22-09-2020,5035
21-09-2020,5008
20-09-2020,5173
19-09-2020,5172
18-09-2020,5165
17-09-2020,5148
16-09-2020,5189
15-09-2020,5164
14-09-2020,5177
13-09-2020,5133
12-09-2020,5133
11-09-2020,5156
10-09-2020,5168
09-09-2020,5142
08-09-2020,5087
07-09-2020,5086
06-09-2020,5074
05-09-2020,5074
04-09-2020,5062
03-09-2020,5075
02-09-2020,5096
01-09-2020,5153
31-10-2020,5070
30-10-2020,5074
29-10-2020,5042
28-10-2020,5036
27-10-2020,5091
26-10-2020,5102
25-10-2020,5086
24-10-2020,5085
23-10-2020,5068
22-10-2020,5061
21-10-2020,5143
20-10-2020,5082
19-10-2020,5070
18-10-2020,5055
17-10-2020,5055
16-10-2020,5052
15-10-2020,5046
14-10-2020,5065
13-10-2020,5024
12-10-2020,5113
11-10-2020,5086
10-10-2020,5083
09-10-2020,5092
08-10-2020,5012
07-10-2020,4996
06-10-2020,5088
05-10-2020,5010
04-10-2020,5064
03-10-2020,5064
02-10-2020,5064
01-10-2020,5064
30-11-2020,4813
29-11-2020,4813
28-11-2020,4813
27-11-2020,4800
26-11-2020,4854
25-11-2020,4884
24-11-2020,4856
23-11-2020,4962
22-11-2020,5024
21-11-2020,5024
20-11-2020,5036
19-11-2020,4993
18-11-2020,5035
17-11-2020,5091
16-11-2020,5080
15-11-2020,5092
14-11-2020,5092
13-11-2020,5104
12-11-2020,5070
11-11-2020,5012
10-11-2020,5048
09-11-2020,4989
08-11-2020,5215
07-11-2020,5215
06-11-2020,5213
05-11-2020,5170
04-11-2020,5109
03-11-2020,5130
02-11-2020,5092
01-11-2020,5070
31-12-2020,5020
30-12-2020,5003
29-12-2020,5007
28-12-2020,5045
27-12-2020,5006
26-12-2020,5006
25-12-2020,5007
24-12-2020,5001
23-12-2020,5027
22-12-2020,5025
21-12-2020,5040
20-12-2020,5030
19-12-2020,5030
18-12-2020,5033
17-12-2020,5060
16-12-2020,4956
15-12-2020,4946
14-12-2020,4902
13-12-2020,4930
12-12-2020,4930
11-12-2020,4921
10-12-2020,4949
09-12-2020,4956
08-12-2020,5006
07-12-2020,4971
06-12-2020,4919
05-12-2020,4919
04-12-2020,4940
03-12-2020,4926
02-12-2020,4885
01-12-2020,4820
31-01-2021,4910
30-01-2021,4910
29-01-2021,4909
28-01-2021,4915
27-01-2021,4862
26-01-2021,4915
25-01-2021,4914
24-01-2021,4914
23-01-2021,4914
22-01-2021,4896
21-01-2021,4944
20-01-2021,4942
19-01-2021,4896
18-01-2021,4882
17-01-2021,4870
16-01-2021,4870
15-01-2021,4887
14-01-2021,4912
13-01-2021,4932
12-01-2021,4905
11-01-2021,4908
10-01-2021,4897
09-01-2021,4897
08-01-2021,4951
07-01-2021,5086
06-01-2021,5123
05-01-2021,5154
04-01-2021,5137
03-01-2021,5026
02-01-2021,5026
01-01-2021,5026
28-02-2021,4577
27-02-2021,4575
26-02-2021,4619
25-02-2021,4638
24-02-2021,4633
23-02-2021,4660
22-02-2021,4680
21-02-2021,4620
20-02-2021,4620
19-02-2021,4647
18-02-2021,4614
17-02-2021,4650
16-02-2021,4675
15-02-2021,4729
14-02-2021,4753
13-02-2021,4753
12-02-2021,4737
11-02-2021,4795
10-02-2021,4807
09-02-2021,4798
08-02-2021,4780
07-02-2021,4726
06-02-2021,4726
05-02-2021,4708
04-02-2021,4735
03-02-2021,4773
02-02-2021,4761
01-02-2021,4852
31-03-2021,4395
30-03-2021,4398
29-03-2021,4385
28-03-2021,4461
27-03-2021,4461
26-03-2021,4466
25-03-2021,4489
24-03-2021,4473
23-03-2021,4475
22-03-2021,4482
21-03-2021,4503
20-03-2021,4503
19-03-2021,4490
18-03-2021,4479
17-03-2021,4492
16-03-2021,4497
15-03-2021,4481
14-03-2021,4476
13-03-2021,4477
12-03-2021,4442
11-03-2021,4490
10-03-2021,4485
09-03-2021,4491
08-03-2021,4434
07-03-2021,4467
06-03-2021,4468
05-03-2021,4442
04-03-2021,4470
03-03-2021,4473
02-03-2021,4527
01-03-2021,4565
30-04-2021,4675
29-04-2021,4668
28-04-2021,4712
27-04-2021,4741
26-04-2021,4748
25-04-2021,4753
24-04-2021,4753
23-04-2021,4750
22-04-2021,4784
21-04-2021,4826
20-04-2021,4775
19-04-2021,4748
18-04-2021,4733
17-04-2021,4733
16-04-2021,4730
15-04-2021,4722
14-04-2021,4674
13-04-2021,4695
12-04-2021,4647
11-04-2021,4661
10-04-2021,4661
09-04-2021,4664
08-04-2021,4687
07-04-2021,4638
06-04-2021,4551
05-04-2021,4502
04-04-2021,4474
03-04-2021,4474
02-04-2021,4474
01-04-2021,4470
31-05-2021,4880
30-05-2021,4855
29-05-2021,4855
28-05-2021,4841
27-05-2021,4849
26-05-2021,4902
25-05-2021,4872
24-05-2021,4860
23-05-2021,4842
22-05-2021,4842
21-05-2021,4830
20-05-2021,4856
19-05-2021,4870
18-05-2021,4829
17-05-2021,4828
16-05-2021,4769
15-05-2021,4770
14-05-2021,4761
13-05-2021,4744
12-05-2021,4750
11-05-2021,4755
10-05-2021,4804
09-05-2021,4775
08-05-2021,4775
07-05-2021,4778
06-05-2021,4757
05-05-2021,4696
04-05-2021,4734
03-05-2021,4738
02-05-2021,4675
01-05-2021,4675
30-06-2021,4675
29-06-2021,4642
28-06-2021,4703
27-06-2021,4692
26-06-2021,4692
25-06-2021,4702
24-06-2021,4692
23-06-2021,4720
22-06-2021,4706
21-06-2021,4704
20-06-2021,4679
19-06-2021,4675
18-06-2021,4691
17-06-2021,4701
16-06-2021,4843
15-06-2021,4854
14-06-2021,4861
13-06-2021,4889
12-06-2021,4889
11-06-2021,4905
10-06-2021,4910
09-06-2021,4908
08-06-2021,4919
07-06-2021,4906
06-06-2021,4899
05-06-2021,4899
04-06-2021,4860
03-06-2021,4858
02-06-2021,4908
01-06-2021,4871
31-07-2021,4788
30-07-2021,4812
29-07-2021,4815
28-07-2021,4758
27-07-2021,4750
26-07-2021,4770
25-07-2021,4754
24-07-2021,4734
23-07-2021,4735
22-07-2021,4739
21-07-2021,4787
20-07-2021,4808
19-07-2021,4805
18-07-2021,4805
17-07-2021,4805
16-07-2021,4841
15-07-2021,4843
14-07-2021,4823
13-07-2021,4782
12-07-2021,4777
11-07-2021,4791
10-07-2021,4792
09-07-2021,4780
08-07-2021,4794
07-07-2021,4796
06-07-2021,4787
05-07-2021,4731
04-07-2021,4734
03-07-2021,4734
02-07-2021,4723
01-07-2021,4706
31-08-2021,4694
30-08-2021,4725
29-08-2021,4756
28-08-2021,4756
27-08-2021,4727
26-08-2021,4721
25-08-2021,4714
24-08-2021,4759
23-08-2021,4757
22-08-2021,4717
21-08-2021,4717
20-08-2021,4719
19-08-2021,4718
18-08-2021,4712
17-08-2021,4730
16-08-2021,4690
15-08-2021,4693
14-08-2021,4693
13-08-2021,4689
12-08-2021,4632
11-08-2021,4622
10-08-2021,4589
09-08-2021,4615
08-08-2021,4666
07-08-2021,4666
06-08-2021,4669
05-08-2021,4845
04-08-2021,4815
03-08-2021,4787
02-08-2021,4782
01-08-2021,4788
30-09-2021,4623
29-09-2021,4559
28-09-2021,4591
27-09-2021,4602
26-09-2021,4600
25-09-2021,4600
24-09-2021,4594
23-09-2021,4604
22-09-2021,4669
21-09-2021,4666
20-09-2021,4632
19-09-2021,4600
18-09-2021,4600
17-09-2021,4595
16-09-2021,4595
15-09-2021,4692
14-09-2021,4728
13-09-2021,4697
12-09-2021,4679
11-09-2021,4679
10-09-2021,4692
09-09-2021,4682
08-09-2021,4695
07-09-2021,4694
06-09-2021,4739
05-09-2021,4751
04-09-2021,4751
03-09-2021,4750
02-09-2021,4705
01-09-2021,4706
31-10-2021,4761
30-10-2021,4761
29-10-2021,4750
28-10-2021,4787
27-10-2021,4787
26-10-2021,4774
25-10-2021,4822
24-10-2021,4779
23-10-2021,4779
22-10-2021,4816
21-10-2021,4742
20-10-2021,4750
19-10-2021,4737
18-10-2021,4739
17-10-2021,4721
16-10-2021,4721
15-10-2021,4732
14-10-2021,4797
13-10-2021,4795
12-10-2021,4733
11-10-2021,4709
10-10-2021,4702
09-10-2021,4702
08-10-2021,4700
07-10-2021,4683
06-10-2021,4698
05-10-2021,4629
04-10-2021,4629
03-10-2021,4628
02-10-2021,4631
01-10-2021,4631
30-11-2021,4792
29-11-2021,4770
28-11-2021,4765
27-11-2021,4765
26-11-2021,4800
25-11-2021,4750
24-11-2021,4733
23-11-2021,4753
22-11-2021,4824
21-11-2021,4888
20-11-2021,4886
19-11-2021,4911
18-11-2021,4919
17-11-2021,4927
16-11-2021,4928
15-11-2021,4926
14-11-2021,4933
13-11-2021,4930
12-11-2021,4917
11-11-2021,4923
10-11-2021,4921
09-11-2021,4822
08-11-2021,4808
07-11-2021,4796
06-11-2021,4796
05-11-2021,4763
04-11-2021,4758
03-11-2021,4697
02-11-2021,4767
01-11-2021,4787
31-12-2021,4811
30-12-2021,4774
29-12-2021,4774
28-12-2021,4812
27-12-2021,4815
26-12-2021,4811
25-12-2021,4811
24-12-2021,4820
23-12-2021,4811
22-12-2021,4806
21-12-2021,4824
20-12-2021,4831
19-12-2021,4859
18-12-2021,4859
17-12-2021,4864
16-12-2021,4852
15-12-2021,4809
14-12-2021,4808
13-12-2021,4827
12-12-2021,4819
11-12-2021,4819
10-12-2021,4807
09-12-2021,4790
08-12-2021,4801
07-12-2021,4796
06-12-2021,4788
05-12-2021,4793
04-12-2021,4703
03-12-2021,4703
02-12-2021,4758
01-12-2021,4760
31-01-2022,4779
30-01-2022,4760
29-01-2022,4760
28-01-2022,4761
27-01-2022,4819
26-01-2022,4886
25-01-2022,4885
24-01-2022,4843
23-01-2022,4825
22-01-2022,4825
21-01-2022,4844
20-01-2022,4851
19-01-2022,4812
18-01-2022,4799
17-01-2022,4790
16-01-2022,4780
15-01-2022,4780
14-01-2022,4789
13-01-2022,4773
12-01-2022,4780
11-01-2022,4755
10-01-2022,4743
09-01-2022,4748
08-01-2022,4748
07-01-2022,4742
06-01-2022,4756
05-01-2022,4815
04-01-2022,4785
03-01-2022,4789
02-01-2022,4809
01-01-2022,4809
28-02-2022,5107
27-02-2022,5022
26-02-2022,5022
25-02-2022,5032
24-02-2022,5167
23-02-2022,5021
22-02-2022,5026
21-02-2022,5006
20-02-2022,5012
19-02-2022,5012
18-02-2022,5010
17-02-2022,5022
16-02-2022,4952
15-02-2022,4939
14-02-2022,4979
13-02-2022,4910
12-02-2022,4910
11-02-2022,4886
10-02-2022,4884
09-02-2022,4855
08-02-2022,4833
07-02-2022,4811
06-02-2022,4793
05-02-2022,4793
04-02-2022,4770
03-02-2022,4775
02-02-2022,4770
01-02-2022,4805
31-03-2022,5147
30-03-2022,5111
29-03-2022,5072
28-03-2022,5158
27-03-2022,5185
26-03-2022,5185
25-03-2022,5186
24-03-2022,5206
23-03-2022,5168
22-03-2022,5123
21-03-2022,5172
20-03-2022,5148
19-03-2022,5148
18-03-2022,5163
17-03-2022,5178
16-03-2022,5124
15-03-2022,5143
14-03-2022,5224
13-03-2022,5286
12-03-2022,5286
11-03-2022,5255
10-03-2022,5337
09-03-2022,5287
08-03-2022,5446
07-03-2022,5334
06-03-2022,5256
05-03-2022,5256
04-03-2022,5235
03-03-2022,5167
02-03-2022,5153
01-03-2022,5140
30-04-2022,5177
29-04-2022,5178
28-04-2022,5120
27-04-2022,5123
26-04-2022,5171
25-04-2022,5148
24-04-2022,5226
23-04-2022,5226
22-04-2022,5227
21-04-2022,5236
20-04-2022,5260
19-04-2022,5277
18-04-2022,5336
17-04-2022,5299
16-04-2022,5299
15-04-2022,5299
14-04-2022,5304
13-04-2022,5309
12-04-2022,5292
11-04-2022,5232
10-04-2022,5209
09-04-2022,5209
08-04-2022,5211
07-04-2022,5195
06-04-2022,5167
05-04-2022,5140
04-04-2022,5131
03-04-2022,5144
02-04-2022,5144
01-04-2022,5134
31-05-2022,5085
30-05-2022,5105
29-05-2022,5092
28-05-2022,5092
27-05-2022,5101
26-05-2022,5082
25-05-2022,5087
24-05-2022,5116
23-05-2022,5097
22-05-2022,5084
21-05-2022,5084
20-05-2022,5070
19-05-2022,5066
18-05-2022,5012
17-05-2022,5024
16-05-2022,5018
15-05-2022,4989
14-05-2022,4989
13-05-2022,4997
12-05-2022,5053
11-05-2022,5071
10-05-2022,5065
09-05-2022,5110
08-05-2022,5134
07-05-2022,5134
06-05-2022,5139
05-05-2022,5105
04-05-2022,5058
03-05-2022,5099
02-05-2022,5063
01-05-2022,5177
30-06-2022,5050
29-06-2022,5072
28-06-2022,5085
27-06-2022,5072
26-06-2022,5062
25-06-2022,5062
24-06-2022,5062
23-06-2022,5091
22-06-2022,5091
21-06-2022,5085
20-06-2022,5075
19-06-2022,5083
18-06-2022,5083
17-06-2022,5093
16-06-2022,5059
15-06-2022,5049
14-06-2022,5026
13-06-2022,5074
12-06-2022,5168
11-06-2022,5168
10-06-2022,5120
09-06-2022,5088
08-06-2022,5105
07-06-2022,5096
06-06-2022,5090
05-06-2022,5100
04-06-2022,5131
03-06-2022,5131
02-06-2022,5079
01-06-2022,5060
31-07-2022,5143
30-07-2022,5143
29-07-2022,5131
28-07-2022,5132
27-07-2022,5062
26-07-2022,5053
25-07-2022,5045
24-07-2022,5068
23-07-2022,5068
22-07-2022,5078
21-07-2022,5027
20-07-2022,5039
19-07-2022,5031
18-07-2022,5044
17-07-2022,5011
16-07-2022,5011
15-07-2022,4999
14-07-2022,5027
13-07-2022,5076
12-07-2022,5054
11-07-2022,5079
10-07-2022,5084
09-07-2022,5084
08-07-2022,5095
07-07-2022,5067
06-07-2022,5089
05-07-2022,5152
04-07-2022,5214
03-07-2022,5191
02-07-2022,5191
01-07-2022,5179
31-08-2022,5061
30-08-2022,5070
29-08-2022,5121
28-08-2022,5125
27-08-2022,5125
26-08-2022,5128
25-08-2022,5168
24-08-2022,5148
23-08-2022,5146
22-08-2022,5121
21-08-2022,5151
20-08-2022,5151
19-08-2022,5150
18-08-2022,5168
17-08-2022,5169
16-08-2022,5189
15-08-2022,5261
14-08-2022,5261
13-08-2022,5261
12-08-2022,5242
11-08-2022,5238
10-08-2022,5234
09-08-2022,5249
08-08-2022,5200
07-08-2022,5188
06-08-2022,5220
05-08-2022,5220
04-08-2022,5156
03-08-2022,5145
02-08-2022,5125
01-08-2022,5126
30-09-2022,5040
29-09-2022,4990
28-09-2022,4903
27-09-2022,4932
26-09-2022,4949
25-09-2022,4938
24-09-2022,4938
23-09-2022,4941
22-09-2022,5001
21-09-2022,4942
20-09-2022,4919
19-09-2022,4920
18-09-2022,4935
17-09-2022,4935
16-09-2022,4934
15-09-2022,4981
14-09-2022,5008
13-09-2022,5014
12-09-2022,5075
11-09-2022,5053
10-09-2022,5053
09-09-2022,5043
08-09-2022,5030
07-09-2022,5045
06-09-2022,5035
05-09-2022,5047
04-09-2022,5037
03-09-2022,5037
02-09-2022,5048
01-09-2022,4990
31-10-2022,5045
30-10-2022,5024
29-10-2022,5024
28-10-2022,5029
27-10-2022,5072
26-10-2022,5071
25-10-2022,5064
24-10-2022,5053
23-10-2022,5063
22-10-2022,5063
21-10-2022,5031
20-10-2022,5029
19-10-2022,5036
18-10-2022,5049
17-10-2022,5049
16-10-2022,5029
15-10-2022,5029
14-10-2022,5052
13-10-2022,5055
12-10-2022,5095
11-10-2022,5092
10-10-2022,5116
09-10-2022,5197
08-10-2022,5197
07-10-2022,5184
06-10-2022,5200
05-10-2022,5148
04-10-2022,5080
03-10-2022,5013
02-10-2022,5003
01-10-2022,5003
30-11-2022,5250
29-11-2022,5243
28-11-2022,5237
27-11-2022,5255
26-11-2022,5255
25-11-2022,5247
24-11-2022,5270
23-11-2022,5243
22-11-2022,5241
21-11-2022,5237
20-11-2022,5260
19-11-2022,5260
18-11-2022,5256
17-11-2022,5289
16-11-2022,5306
15-11-2022,5276
14-11-2022,5272
13-11-2022,5234
12-11-2022,5234
11-11-2022,5225
10-11-2022,5202
09-11-2022,5160
08-11-2022,5078
07-11-2022,5101
06-11-2022,5085
05-11-2022,5085
04-11-2022,5084
03-11-2022,5014
02-11-2022,5062
01-11-2022,5053
31-12-2022,5497
30-12-2022,5496
29-12-2022,5495
28-12-2022,5483
27-12-2022,5485
26-12-2022,5465
25-12-2022,5457
24-12-2022,5457
23-12-2022,5454
22-12-2022,5468
21-12-2022,5514
20-12-2022,5484
19-12-2022,5433
18-12-2022,5434
17-12-2022,5434
16-12-2022,5430
15-12-2022,5429
14-12-2022,5473
13-12-2022,5490
12-12-2022,5422
11-12-2022,5430
10-12-2022,5430
09-12-2022,5428
08-12-2022,5416
07-12-2022,5394
06-12-2022,5382
05-12-2022,5339
04-12-2022,5339
03-12-2022,5339
02-12-2022,5321
01-12-2022,5310
31-01-2023,5688
30-01-2023,5675
29-01-2023,5687
28-01-2023,5687
27-01-2023,5676
26-01-2023,5701
25-01-2023,5688
24-01-2023,5692
23-01-2023,5655
22-01-2023,5666
21-01-2023,5666
20-01-2023,5667
19-01-2023,5644
18-01-2023,5652
17-01-2023,5640
16-01-2023,5649
15-01-2023,5634
14-01-2023,5635
13-01-2023,5622
12-01-2023,5581
11-01-2023,5566
10-01-2023,5579
09-01-2023,5605
08-01-2023,5573
07-01-2023,5573
06-01-2023,5549
05-01-2023,5532
04-01-2023,5588
03-01-2023,5572
02-01-2023,5518
01-01-2023,5497
28-02-2023,5542
27-02-2023,5543
26-02-2023,5543
25-02-2023,5543
24-02-2023,5546
23-02-2023,5574
22-02-2023,5617
21-02-2023,5612
20-02-2023,5630
19-02-2023,5627
18-02-2023,5627
17-02-2023,5585
16-02-2023,5596
15-02-2023,5617
14-02-2023,5664
13-02-2023,5668
12-02-2023,5676
11-02-2023,5676
10-02-2023,5680
09-02-2023,5719
08-02-2023,5702
07-02-2023,5711
06-02-2023,5707
05-02-2023,5658
04-02-2023,5658
03-02-2023,5720
02-02-2023,5795
01-02-2023,5785
31-03-2023,5951
30-03-2023,5898
29-03-2023,5899
28-03-2023,5890
27-03-2023,5862
26-03-2023,5938
25-03-2023,5938
24-03-2023,5972
23-03-2023,5924
22-03-2023,5874
21-03-2023,5897
20-03-2023,5939
19-03-2023,5943
18-03-2023,5943
17-03-2023,5911
16-03-2023,5837
15-03-2023,5826
14-03-2023,5747
13-03-2023,5754
12-03-2023,5611
11-03-2023,5611
10-03-2023,5596
09-03-2023,5529
08-03-2023,5500
07-03-2023,5531
06-03-2023,5588
05-03-2023,5572
04-03-2023,5572
03-03-2023,5564
02-03-2023,5585
01-03-2023,5594
30-04-2023,5994
29-04-2023,5994
28-04-2023,5988
27-04-2023,5970
26-04-2023,6031
25-04-2023,6000
24-04-2023,5988
23-04-2023,5986
22-04-2023,5986
21-04-2023,5976
20-04-2023,6049
19-04-2023,6024
18-04-2023,6051
17-04-2023,5994
16-04-2023,6034
15-04-2023,6034
14-04-2023,6034
13-04-2023,6105
12-04-2023,6057
11-04-2023,6047
10-04-2023,6000
09-04-2023,6052
08-04-2023,6052
07-04-2023,6052
06-04-2023,6054
05-04-2023,6080
04-04-2023,6052
03-04-2023,5973
02-04-2023,5937
01-04-2023,5937
31-05-2023,6021
30-05-2023,5989
29-05-2023,5958
28-05-2023,5937
27-05-2023,5937
26-05-2023,5930
25-05-2023,5950
24-05-2023,6008
23-05-2023,6005
22-05-2023,6024
21-05-2023,6039
20-05-2023,6039
19-05-2023,5984
18-05-2023,5964
17-05-2023,6019
16-05-2023,6068
15-05-2023,6090
14-05-2023,6089
13-05-2023,6089
12-05-2023,6082
11-05-2023,6102
10-05-2023,6122
09-05-2023,6123
08-05-2023,6095
07-05-2023,6063
06-05-2023,6063
05-05-2023,6048
04-05-2023,6173
03-05-2023,6081
02-05-2023,6051
01-05-2023,5985
30-06-2023,5814
29-06-2023,5810
28-06-2023,5798
27-06-2023,5825
26-06-2023,5843
25-06-2023,5830
24-06-2023,5830
23-06-2023,5851
22-06-2023,5827
21-06-2023,5870
20-06-2023,5879
19-06-2023,5922
18-06-2023,5937
17-06-2023,5937
16-06-2023,5935
15-06-2023,5924
14-06-2023,5935
13-06-2023,5944
12-06-2023,5960
11-06-2023,5982
10-06-2023,5982
09-06-2023,5988
08-06-2023,5997
07-06-2023,5983
06-06-2023,5955
05-06-2023,5955
04-06-2023,5975
03-06-2023,5975
02-06-2023,5980
01-06-2023,6005
31-07-2023,5945
30-07-2023,5943
29-07-2023,5943
28-07-2023,5931
27-07-2023,5885
26-07-2023,5942
25-07-2023,5913
24-07-2023,5916
23-07-2023,5930
22-07-2023,5930
21-07-2023,5928
20-07-2023,5952
19-07-2023,5967
18-07-2023,5989
17-07-2023,5906
16-07-2023,5933
15-07-2023,5933
14-07-2023,5932
13-07-2023,5928
12-07-2023,5917
11-07-2023,5878
10-07-2023,5862
09-07-2023,5879
08-07-2023,5879
07-07-2023,5889
06-07-2023,5833
05-07-2023,5843
04-07-2023,5847
03-07-2023,5844
02-07-2023,5819
01-07-2023,5819
31-08-2023,5940
30-08-2023,5951
29-08-2023,5920
28-08-2023,5883
27-08-2023,5864
26-08-2023,5864
25-08-2023,5860
24-08-2023,5888
23-08-2023,5877
22-08-2023,5849
21-08-2023,5832
20-08-2023,5838
19-08-2023,5838
18-08-2023,5849
17-08-2023,5854
16-08-2023,5878
15-08-2023,5898
14-08-2023,5891
13-08-2023,5891
12-08-2023,5891
11-08-2023,5902
10-08-2023,5878
09-08-2023,5924
08-08-2023,5942
07-08-2023,5895
06-08-2023,5954
05-08-2023,5895
04-08-2023,5940
03-08-2023,5919
02-08-2023,5916
01-08-2023,5904
30-09-2023,5710
29-09-2023,5732
28-09-2023,5735
27-09-2023,5794
26-09-2023,5852
25-09-2023,5879
24-09-2023,5894
23-09-2023,5894
22-09-2023,5894
21-09-2023,5883
20-09-2023,5941
19-09-2023,5936
18-09-2023,5917
17-09-2023,5881
16-09-2023,5881
15-09-2023,5883
14-09-2023,5854
13-09-2023,5863
12-09-2023,5860
11-09-2023,5893
10-09-2023,5890
09-09-2023,5890
08-09-2023,5910
07-09-2023,5903
06-09-2023,5906
05-09-2023,5923
04-09-2023,5939
03-09-2023,5940
02-09-2023,5940
01-09-2023,5939
31-10-2023,6124
30-10-2023,6125
29-10-2023,6124
28-10-2023,6124
27-10-2023,6088
26-10-2023,6077
25-10-2023,6063
24-10-2023,6021
23-10-2023,6065
22-10-2023,6073
21-10-2023,6073
20-10-2023,6089
19-10-2023,5989
18-10-2023,5991
17-10-2023,5932
16-10-2023,5915
15-10-2023,5943
14-10-2023,5943
13-10-2023,5914
12-10-2023,5795
11-10-2023,5788
10-10-2023,5754
09-10-2023,5748
08-10-2023,5690
07-10-2023,5690
06-10-2023,5669
05-10-2023,5608
04-10-2023,5640
03-10-2023,5639
02-10-2023,5710
01-10-2023,5710
30-11-2023,6254
29-11-2023,6256
28-11-2023,6192
27-11-2023,6155
26-11-2023,6137
25-11-2023,6137
24-11-2023,6133
23-11-2023,6110
22-11-2023,6128
21-11-2023,6135
20-11-2023,6054
19-11-2023,6074
18-11-2023,6074
17-11-2023,6069
16-11-2023,6064
15-11-2023,6004
14-11-2023,6022
13-11-2023,5957
12-11-2023,5978
11-11-2023,6074
10-11-2023,6075
09-11-2023,6074
08-11-2023,6074
07-11-2023,6075
06-11-2023,6074
05-11-2023,6074
04-11-2023,6074
03-11-2023,6075
02-11-2023,6074
01-11-2023,6075
31-12-2023,6322
30-12-2023,6322
29-12-2023,6318
28-12-2023,6346
27-12-2023,6335
26-12-2023,6294
25-12-2023,6298
24-12-2023,6296
23-12-2023,6296
22-12-2023,6323
21-12-2023,6265
20-12-2023,6250
19-12-2023,6251
18-12-2023,6210
17-12-2023,6219
16-12-2023,6219
15-12-2023,6232
14-12-2023,6275
13-12-2023,6122
12-12-2023,6129
11-12-2023,6141
10-12-2023,6175
09-12-2023,6175
08-12-2023,6199
07-12-2023,6247
06-12-2023,6246
05-12-2023,6446
04-12-2023,6270
03-12-2023,6314
02-12-2023,6314
01-12-2023,6251
31-01-2024,6304
30-01-2024,6275
29-01-2024,6212
28-01-2024,6195
27-01-2024,6195
26-01-2024,6195
25-01-2024,6210
24-01-2024,6209
23-01-2024,6192
22-01-2024,6188
21-01-2024,6200
20-01-2024,6200
19-01-2024,6200
18-01-2024,6169
17-01-2024,6184
16-01-2024,6232
15-01-2024,6251
14-01-2024,6239
13-01-2024,6239
12-01-2024,6265
11-01-2024,6208
10-01-2024,6209
09-01-2024,6235
08-01-2024,6207
07-01-2024,6254
06-01-2024,6254
05-01-2024,6261
04-01-2024,6250
03-01-2024,6255
02-01-2024,6344
01-01-2024,6333
29-02-2024,6194
28-02-2024,6194
27-02-2024,6194
26-02-2024,6194
25-02-2024,6194
24-02-2024,6194
23-02-2024,6193
22-02-2024,6206
21-02-2024,6221
20-02-2024,6217
19-02-2024,6198
18-02-2024,6187
17-02-2024,6187
16-02-2024,6149
15-02-2024,6162
14-02-2024,6133
13-02-2024,6155
12-02-2024,6207
11-02-2024,6230
10-02-2024,6230
09-02-2024,6228
08-02-2024,6240
07-02-2024,6309
06-02-2024,6309
05-02-2024,6370
04-02-2024,6370
03-02-2024,6370
02-02-2024,6370
01-02-2024,6300
31-03-2024,6780
30-03-2024,6780
29-03-2024,6780
28-03-2024,6710
27-03-2024,6639
26-03-2024,6587
25-03-2024,6587
24-03-2024,6587
23-03-2024,6587
22-03-2024,6619
21-03-2024,6620
20-03-2024,6569
19-03-2024,6551
18-03-2024,6557
17-03-2024,6555
16-03-2024,6555
15-03-2024,6567
14-03-2024,6566
13-03-2024,6570
12-03-2024,6561
11-03-2024,6611
10-03-2024,6602
09-03-2024,6602
08-03-2024,6575
07-03-2024,6533
06-03-2024,6520
05-03-2024,6479
04-03-2024,6401
03-03-2024,6360
02-03-2024,6360
01-03-2024,6260
30-04-2024,7059
29-04-2024,7146
28-04-2024,7149
27-04-2024,7149
26-04-2024,7127
25-04-2024,7147
24-04-2024,7114
23-04-2024,7088
22-04-2024,7150
21-04-2024,7280
20-04-2024,7280
19-04-2024,7262
18-04-2024,7254
17-04-2024,7324
16-04-2024,7284
15-04-2024,7188
14-04-2024,7192
13-04-2024,7192
12-04-2024,7356
11-04-2024,7126
10-04-2024,7154
09-04-2024,7130
08-04-2024,7063
07-04-2024,7060
06-04-2024,7060
05-04-2024,6970
04-04-2024,6993
03-04-2024,6944
02-04-2024,6888
01-04-2024,6833
31-05-2024,7200
30-05-2024,7219
29-05-2024,7214
28-05-2024,7217
27-05-2024,7211
26-05-2024,7128
25-05-2024,7128
24-05-2024,7140
23-05-2024,7185
22-05-2024,7312
21-05-2024,7420
20-05-2024,7375
19-05-2024,7375
18-05-2024,7375
17-05-2024,7360
16-05-2024,7280
15-05-2024,7267
14-05-2024,7228
13-05-2024,7206
12-05-2024,7272
11-05-2024,7272
10-05-2024,7248
09-05-2024,7155
08-05-2024,7118
07-05-2024,7122
06-05-2024,7124
05-05-2024,7068
04-05-2024,7068
03-05-2024,7039
02-05-2024,7069
01-05-2024,7047
02-06-2024,7205
01-06-2024,7205
